Updating files: 100% (1767/1767)
Updating files: 100% (1767/1767), done.
Updating 1bf11e6c..0f537d9e
Fast-forward
 .../causal-aligned-capture-v1/artifact-index.json  |   405 +
 .../causal-aligned-capture-v1/evidence.tar.gz      |   Bin 0 -> 4124675 bytes
 archive/evals/causal-block-history-v1/.gitignore   |     3 +
 .../evals/causal-block-history-v1/analysis.json    |   337 +
 .../causal-block-history-v1/archive-proof.json     |    12 +
 .../causal-block-history-v1/artifact-index.json    |   169 +
 .../evals/causal-block-history-v1/evidence.tar.gz  |   Bin 0 -> 1158458 bytes
 .../independent-verification.json                  |   323 +
 .../causal-block-history-v1/preservation.json      |    22 +
 .../causal-block-history-v1/qualification.json     |    87 +
 .../causal-block-history-v1/run/reservation.json   |    52 +
 .../causal-block-history-v1/static-review.json     |    13 +
 .../causal-cleanup-segments-v1/artifact-index.json |   245 +
 .../causal-cleanup-segments-v1/evidence.tar.gz     |   Bin 0 -> 3025762 bytes
 .../evals/causal-cold-position-pairs-v3/.gitignore |     1 +
 .../causal-cold-position-pairs-v3/analysis.json    |  1427 ++
 .../archive-proof.json                             |    12 +
 .../artifact-index.json                            |   639 +
 .../causal-cold-position-pairs-v3/evidence.tar.gz  |   Bin 0 -> 4794033 bytes
 .../independent-verification.json                  |    55 +
 .../artifact-index.json                            |    32 +
 .../causal-console-marker-replay-v1/gates.json     |    14 +
 .../logs/final-independent-verifier.json           |    13 +
 .../logs/final-path-test.json                      |    12 +
 .../logs/final-replay.json                         |    13 +
 .../logs/full-test.json                            |    10 +
 .../logs/full-test.log                             |   303 +
 .../logs/independent-verifier.json                 |    13 +
 .../causal-console-marker-replay-v1/logs/lint.json |     9 +
 .../causal-console-marker-replay-v1/logs/lint.log  |    68 +
 .../logs/python-negative.json                      |     9 +
 .../logs/python-negative.log                       |    21 +
 .../logs/replay.json                               |    13 +
 .../logs/tools.json                                |    10 +
 .../causal-console-marker-replay-v1/logs/tools.log |    45 +
 .../preservation.json                              |     8 +
 .../replay-final/correlation.json                  |   245 +
 .../replay-final/replay.json                       |    21 +
 .../replay/correlation.json                        |   245 +
 .../replay/replay.json                             |    21 +
 .../causal-console-marker-replay-v1/review.json    |    12 +
 .../source/causal-event-correlation.mjs            |   289 +
 .../source/causal-event-correlation.test.mjs       |   430 +
 .../source/replay-causal-event-clock.initial.mjs   |    54 +
 .../source/replay-causal-event-clock.mjs           |    59 +
 .../source/replay-causal-event-clock.test.mjs      |    43 +
 .../source/verify-causal-event-clock.py            |   132 +
 .../source/verify-causal-event-clock.test.py       |    73 +
 .../.gitignore                                     |     4 +
 .../analysis.json                                  |   139 +
 .../archive-verification.json                      |    10 +
 .../artifact-index.json                            |   122 +
 .../evidence.tar.gz                                |   Bin 0 -> 1126574 bytes
 .../preservation.json                              |    68 +
 .../review.json                                    |    23 +
 .../run/reservation.json                           |    46 +
 .../causal-control-role-crossover-v1/.gitignore    |     4 +
 .../archive-verification.json                      |    11 +
 .../artifact-index.json                            |    55 +
 .../evidence.tar.gz                                |   Bin 0 -> 345582 bytes
 .../preservation.json                              |    15 +
 .../repair-review.json                             |    15 +
 .../causal-control-role-crossover-v1/review.json   |    32 +
 .../run/reservation.json                           |    46 +
 .../evidence.tar.gz                                |   Bin 0 -> 1588852 bytes
 .../causal-coverage-key-evidence-v1/index.json     |     6 +
 .../evals/causal-cpu-wall-diagnostic-v1/.gitignore |     1 +
 .../evals/causal-cpu-wall-diagnostic-v1/README.md  |    15 +
 .../archive-receipt.json                           |    13 +
 .../artifact-index.json                            |   270 +
 .../causal-cpu-wall-diagnostic-v1/evidence.tar.gz  |   Bin 0 -> 2140896 bytes
 .../causal-currentness-comparison-v1/.gitignore    |     1 +
 .../artifact-index.json                            |   631 +
 .../evidence.tar.gz                                |   Bin 0 -> 1301098 bytes
 .../initial-stop-index.json                        |   200 +
 .../initial-stop.tar.gz                            |   Bin 0 -> 687023 bytes
 .../causal-currentness-comparison-v1/report.json   |     1 +
 .../artifact-index.json                            |   125 +
 .../evidence.tar.gz                                |   Bin 0 -> 724722 bytes
 .../verification.json                              |     8 +
 .../artifact-index.json                            |  2482 ++
 .../evidence.tar.gz                                |   Bin 0 -> 1295143 bytes
 .../artifact-index.json                            |   798 +
 .../prepared.tar.gz                                |   Bin 0 -> 674874 bytes
 .../artifact-index.json                            |   970 +
 .../evidence.tar.gz                                |   Bin 0 -> 671487 bytes
 .../artifact-index.json                            |    42 +
 .../capture-attempt.json                           |    14 +
 .../capture/approval.json                          |    23 +
 .../capture/correlation.json                       |     6 +
 .../capture/evidence.json                          |    68 +
 .../capture/fixture.mjs                            |    59 +
 .../capture/manifest.json                          |    29 +
 .../capture/stderr.log                             |     0
 .../capture/stdout.log                             |     3 +
 .../capture/trace-1.json                           |     1 +
 .../evals/causal-event-clock-repair-v1/gates.json  |    14 +
 .../causal-event-clock-repair-v1/legacy-audit.py   |    22 +
 .../legacy-correction.json                         |   370 +
 .../logs/full-test.json                            |    10 +
 .../logs/full-test.log                             |   297 +
 .../logs/legacy-replay-first.json                  |     6 +
 .../logs/legacy-replay.log                         |     1 +
 .../logs/legacy-stats.json                         |    10 +
 .../logs/legacy-stats.log                          |    12 +
 .../logs/lint-final.json                           |     9 +
 .../logs/lint-final.log                            |    68 +
 .../logs/lint-first.json                           |     9 +
 .../logs/lint-first.log                            |   379 +
 .../logs/repetition-stats.json                     |    10 +
 .../logs/repetition-stats.log                      |    15 +
 .../causal-event-clock-repair-v1/logs/tools.json   |     9 +
 .../causal-event-clock-repair-v1/logs/tools.log    |    29 +
 .../causal-event-clock-repair-v1/preservation.json |     6 +
 .../evals/causal-event-clock-repair-v1/review.json |    16 +
 .../source/baseline-performance-report.mjs         |   100 +
 .../source/causal-event-clock.mjs                  |    59 +
 .../source/causal-event-correlation.mjs            |   249 +
 .../source/causal-event-correlation.test.mjs       |   208 +
 .../source/qualify-causal-event-clock.mjs          |   133 +
 .../source/verify-causal-event-clock.py            |   107 +
 .../tool-write-hook-incidents.json                 |     7 +
 .../verification-attempt.json                      |    10 +
 .../verification-final-rejection.json              |     6 +
 .../artifact-index.json                            |   191 +
 .../evidence.tar.gz                                |   Bin 0 -> 920550 bytes
 .../verification.json                              |     7 +
 .../causal-flush-copy-evidence-v1/evidence.tar.gz  |   Bin 0 -> 1257311 bytes
 .../evals/causal-flush-copy-evidence-v1/index.json |     7 +
 .../evidence.tar.gz                                |   Bin 0 -> 4126800 bytes
 .../causal-granularity-evidence-v1/evidence.tar.gz |   Bin 0 -> 2118977 bytes
 .../causal-granularity-evidence-v1/index.json      |     5 +
 .../causal-h-closeout-evidence-v1/evidence.tar.gz  |   Bin 0 -> 491016 bytes
 .../causal-host-call-local/attempt-1/baseline.mjs  |  8740 +++++++
 .../attempt-1/baseline.mjs.map                     |     7 +
 .../causal-host-call-local/attempt-1/driver.mjs    |    15 +
 .../causal-host-call-local/attempt-1/method.json   |   275 +
 .../causal-host-call-local/attempt-1/prototype.mjs |  8750 +++++++
 .../attempt-1/prototype.mjs.map                    |     7 +
 .../causal-host-call-local/attempt-1/receipt.json  | 14230 +++++++++++
 .../causal-host-lifetime-cpu/attempt-1/method.json |   263 +
 .../attempt-1/off-first8-attribution.json          |  2034 ++
 .../attempt-1/off-first8.cpuprofile                |     1 +
 .../attempt-1/off-last8-attribution.json           |  1825 ++
 .../attempt-1/off-last8.cpuprofile                 |     1 +
 .../attempt-1/receipt.json                         |  3896 +++
 .../attempt-1/summary-first8-attribution.json      |  1977 ++
 .../attempt-1/summary-first8.cpuprofile            |     1 +
 .../attempt-1/summary-last8-attribution.json       |  1830 ++
 .../attempt-1/summary-last8.cpuprofile             |     1 +
 .../causal-host-lifetime-cpu/attempt-1/worker.mjs  |  9124 +++++++
 .../attempt-1/worker.mjs.map                       |     7 +
 .../local-files-v1.tar.gz                          |   Bin 0 -> 133188 bytes
 .../attempt-2026-09-14T20-21-41-018Z.tar.gz        |   Bin 0 -> 3465871 bytes
 .../attempt-2026-09-14T20-24-29-301Z.tar.gz        |   Bin 0 -> 3682929 bytes
 .../attempt-2026-09-14T20-25-30-682Z.tar.gz        |   Bin 0 -> 3684467 bytes
 .../attempt-2026-09-14T20-26-15-335Z.tar.gz        |   Bin 0 -> 3683676 bytes
 .../future-execution-manifest.json                 |  1926 ++
 .../attempt-2026-09-14T20-26-15-335Z/summary.json  |  5516 +++++
 .../causal-l-closeout-evidence-v1/evidence.tar.gz  |   Bin 0 -> 78889 bytes
 .../evals/causal-l-closeout-evidence-v1/index.json |    66 +
 .../causal-l-index-preservation-v1/evidence.tar.gz |   Bin 0 -> 10137458 bytes
 .../causal-l-owner-preservation-v1/evidence.tar.gz |   Bin 0 -> 141833 bytes
 archive/evals/causal-neutral-driver-v1/.gitignore  |     3 +
 .../evals/causal-neutral-driver-v1/analysis.json   |   733 +
 .../causal-neutral-driver-v1/archive-proof.json    |    12 +
 .../causal-neutral-driver-v1/artifact-index.json   |   192 +
 .../development-notes.json                         |     9 +
 .../evals/causal-neutral-driver-v1/evidence.tar.gz |   Bin 0 -> 1597116 bytes
 .../independent-verification.json                  |   297 +
 .../causal-neutral-driver-v1/preservation.json     |    12 +
 .../causal-neutral-driver-v1/qualification.json    |    68 +
 .../causal-neutral-driver-v1/run/reservation.json  |    56 +
 .../causal-neutral-driver-v1/static-review.json    |    16 +
 .../artifact-index.json                            |  1992 ++
 .../evidence.tar.gz                                |   Bin 0 -> 27555618 bytes
 .../verification.json                              |   123 +
 .../archive-verification.json                      |    13 +
 .../artifact-index.json                            |   326 +
 .../evidence.tar.gz                                |   Bin 0 -> 3818196 bytes
 .../causal-performance-repetition-v2/receipt.json  |   439 +
 .../causal-performance-repetition-v2/result.json   |   230 +
 .../evidence.tar.gz                                |   Bin 0 -> 977407 bytes
 .../evidence.tar.gz                                |   Bin 0 -> 1224585 bytes
 .../causal-policy-conflict-evidence-v1/index.json  |     5 +
 .../evidence.tar.gz                                |   Bin 0 -> 1455321 bytes
 .../artifact-index.json                            |   165 +
 .../evidence.tar.gz                                |   Bin 0 -> 2796510 bytes
 .../verification.json                              |     7 +
 .../evidence.tar.gz                                |   Bin 0 -> 586444 bytes
 .../index.json                                     |     6 +
 .../evidence.tar.gz                                |   Bin 0 -> 1037301 bytes
 .../causal-receipt-holdout-evidence-v1/index.json  |     5 +
 .../evidence.tar.gz                                |   Bin 0 -> 1126846 bytes
 .../causal-receipt-identity-evidence-v1/index.json |     5 +
 .../evidence.tar.gz                                |   Bin 0 -> 713700 bytes
 .../causal-receipt-lazy-evidence-v1/index.json     |     5 +
 .../causal-recording-diagnostic-v1/.gitignore      |     1 +
 .../artifact-index.json                            |   370 +
 .../causal-recording-diagnostic-v1/evidence.tar.gz |   Bin 0 -> 2297909 bytes
 archive/evals/causal-recording-tools-v1/.gitignore |     1 +
 .../causal-recording-tools-v1/artifact-index.json  |   108 +
 .../causal-recording-tools-v1/prepared.tar.gz      |   Bin 0 -> 468294 bytes
 .../evidence.tar.gz                                |   Bin 0 -> 1132039 bytes
 .../causal-ref-comparison-evidence-v1/index.json   |     6 +
 .../artifact-index.json                            |   199 +
 .../causal-release-boundaries-v1/evidence.tar.gz   |   Bin 0 -> 3311197 bytes
 .../artifact-index.json                            |    81 +
 .../evidence.tar.gz                                |   Bin 0 -> 184237 bytes
 .../artifact-index.json                            |   293 +
 .../evidence.tar.gz                                |   Bin 0 -> 1146704 bytes
 .../artifact-index.json                            |    32 +
 .../evidence.tar.gz                                |   Bin 0 -> 36726 bytes
 .../artifact-index.json                            |   194 +
 .../evidence.tar.gz                                |   Bin 0 -> 692211 bytes
 .../artifact-index.json                            |    19 +
 .../causal-release-preflight-v1/evidence.tar.gz    |   Bin 0 -> 327730 bytes
 .../evidence.tar.gz                                |   Bin 0 -> 882568 bytes
 .../causal-remaining-cpu-evidence-v1/index.json    |     6 +
 .../evidence.tar.gz                                |   Bin 0 -> 914728 bytes
 .../causal-remaining-cpu-v2-evidence/index.json    |     7 +
 .../artifact-index.json                            |   802 +
 .../evidence.tar.gz                                |   Bin 0 -> 843528 bytes
 .../artifact-index.json                            |   782 +
 .../prepared.tar.gz                                |   Bin 0 -> 672246 bytes
 .../artifact-index.json                            |  2190 ++
 .../evidence.tar.gz                                |   Bin 0 -> 3694601 bytes
 .../artifact-index.json                            |   790 +
 .../prepared.tar.gz                                |   Bin 0 -> 675218 bytes
 .../artifact-index.json                            |  2294 ++
 .../evidence.tar.gz                                |   Bin 0 -> 3895362 bytes
 .../artifact-index.json                            |   790 +
 .../prepared.tar.gz                                |   Bin 0 -> 676732 bytes
 .../artifact-index.json                            |    45 +
 .../causal-soak-timeout-audit-v1/evidence.tar.gz   |   Bin 0 -> 8261 bytes
 .../evidence.tar.gz                                |   Bin 0 -> 1240088 bytes
 .../index.json                                     |     5 +
 .../artifact-index.json                            |    95 +
 .../prepared.tar.gz                                |   Bin 0 -> 458019 bytes
 .../evals/causal-workload-diagnostic-v1/.gitignore |     2 +
 .../artifact-index.json                            |   460 +
 .../causal-workload-diagnostic-v1/evidence.tar.gz  |   Bin 0 -> 3208803 bytes
 .../artifact-index.json                            |   830 +
 .../library-registration-check-v1/evidence.tar.gz  |   Bin 0 -> 1496064 bytes
 .../integrity-check.json                           |     7 +
 .../performance-analysis.json                      |   246 +
 .../evals/library-registration-check-v1/plan.json  |    21 +
 .../library-registration-check-v1/receipt.json     |    44 +
 .../library-registration-check-v1/result.json      |   312 +
 .../root-preservation.json                         |     8 +
 .../source-bindings.json                           |    86 +
 .../library-registration-cost-v1/analysis.json     |  4406 ++++
 .../artifact-index.json                            |   316 +
 .../library-registration-cost-v1/evidence.tar.gz   |   Bin 0 -> 1691236 bytes
 .../evals/library-registration-cost-v1/gate-0.log  |     2 +
 .../evals/library-registration-cost-v1/gate-1.log  |     2 +
 .../evals/library-registration-cost-v1/gate-2.log  |     3 +
 .../evals/library-registration-cost-v1/gate-3.log  |    66 +
 .../evals/library-registration-cost-v1/gate-4.log  |   180 +
 .../evals/library-registration-cost-v1/gates.json  |    55 +
 .../integrity-check.json                           |    16 +
 .../library-registration-cost-v1/receipt.json      |    34 +
 .../evals/library-registration-cost-v1/result.json |  2165 ++
 .../evals/library-registration-cost-v1/review.json |    18 +
 .../root-preservation.json                         |     8 +
 archive/evals/library-registration-cost-v1/run.log |    35 +
 .../library-registration-v1/artifact-index.json    |   125 +
 .../evals/library-registration-v1/evidence.tar.gz  |   Bin 0 -> 1655815 bytes
 archive/evals/library-registration-v1/result.json  |   219 +
 biome.json                                         |   262 +-
 decisions/decisions.jsonl                          |     6 +
 decisions/execution.jsonl                          |     2 +
 .../causal-admission-capacity-review/README.md     |   108 +
 .../causal-admission-capacity-review/receipt.json  |    18 +
 .../causal-assembly-closeout-review/README.md      |    79 +
 .../causal-assembly-closeout-review/audit.py       |    20 +
 .../binding-audit.json                             |   622 +
 docs/design/causal-audience-review/README.md       |    74 +
 docs/design/causal-audience-review/receipt.json    |    29 +
 docs/design/causal-b121-proof-plan/README.md       |   110 +
 docs/design/causal-b121-proof-plan/audit.json      |   424 +
 .../README.md                                      |    80 +
 .../approval.json                                  |    22 +
 .../receipt.json                                   |   122 +
 docs/design/causal-block-history-v1.check.json     |    29 +
 docs/design/causal-block-history-v1.md             |   201 +
 docs/design/causal-cjs-batch-fix/README.md         |    36 +
 .../causal-cjs-batch-fix/artifact-manifests.json   |  5526 +++++
 docs/design/causal-cjs-batch-fix/artifacts.log     |     8 +
 .../causal-cjs-batch-fix/baseline-34-cases.log     |     2 +
 .../baseline-initial-expectation.log               |     2 +
 .../causal-cjs-batch-fix/baseline-regression.log   |     2 +
 .../design/causal-cjs-batch-fix/baseline-size.json |     7 +
 docs/design/causal-cjs-batch-fix/build.log         |   768 +
 docs/design/causal-cjs-batch-fix/exports.log       |     6 +
 .../causal-cjs-batch-fix/final-source-check.log    |     1 +
 .../import-observations-initial.json               |   198 +
 .../causal-cjs-batch-fix/import-observations.json  |   198 +
 docs/design/causal-cjs-batch-fix/lint.log          |   479 +
 .../causal-cjs-batch-fix/measure-imports.mjs       |    75 +
 docs/design/causal-cjs-batch-fix/plan.md           |    13 +
 docs/design/causal-cjs-batch-fix/receipt.json      |   123 +
 docs/design/causal-cjs-batch-fix/tests.log         |   244 +
 .../README.md                                      |    58 +
 .../analysis.json                                  |  1344 ++
 .../analyze.py                                     |    33 +
 .../approval.json                                  |    23 +
 .../cpu-python-regression.log                      |     5 +
 .../cpu-regression.log                             |     1 +
 .../dashboard.log                                  |    64 +
 .../full-ts-exit.json                              |     1 +
 .../full-ts.log                                    |   298 +
 .../independent-verification.json                  |  7912 +++++++
 .../lint-exit.json                                 |     1 +
 .../lint.log                                       |   116 +
 .../loaded-tests.log                               |     1 +
 .../matched-comparisons.csv                        |    49 +
 .../portable-self-verification.json                |  7912 +++++++
 .../portable-verification.json                     |  7912 +++++++
 .../preservation-after.json                        |    14 +
 .../preservation-before.json                       |    13 +
 .../private-check-exits.json                       |     6 +
 .../qualification.json                             |    68 +
 .../receipt.json                                   |   150 +
 .../review.json                                    |    15 +
 .../segment-arithmetic-verification.json           |    47 +
 .../source-tests.log                               |     5 +
 .../verify-segments.mjs                            |    49 +
 .../workspace.log                                  |   178 +
 docs/design/causal-cleanup-segments-v1.check.json  |    22 +
 docs/design/causal-cleanup-segments-v1.md          |   126 +
 .../README.md                                      |    73 +
 .../approval.json                                  |    25 +
 .../governance-authority.log                       |   178 +
 .../governance-checks.json                         |    19 +
 .../governance-dashboard.log                       |    64 +
 .../qualification.json                             |    46 +
 .../receipt.json                                   |   126 +
 .../reviews.json                                   |    25 +
 .../verifier-result.json                           |    37 +
 .../causal-cold-position-pairs-v3.check.json       |   101 +
 docs/design/causal-cold-position-pairs-v3.md       |   154 +
 docs/design/causal-completion-integrated-plan.md   |   180 +
 .../causal-console-marker-replay-v1/README.md      |    60 +
 .../causal-console-marker-replay-v1/approval.json  |    25 +
 .../causal-console-marker-replay-v1/receipt.json   |    71 +
 docs/design/causal-construction-closeout/README.md |    64 +
 .../causal-construction-closeout/artifact.log      |     8 +
 docs/design/causal-construction-closeout/build.log |   641 +
 .../causal-construction-closeout/lint-attempt1.log |   753 +
 .../lint-attempt2-build-overlap.log                |   493 +
 docs/design/causal-construction-closeout/lint.log  |   477 +
 .../causal-construction-closeout/mutations.json    |   169 +
 .../causal-construction-closeout/performance.json  | 23718 +++++++++++++++++++
 .../causal-construction-closeout/receipt.json      |    39 +
 .../source-binding.json                            |  3978 ++++
 docs/design/causal-construction-closeout/tests.log |   242 +
 .../README.md                                      |    90 +
 .../approval.json                                  |    23 +
 .../receipt.json                                   |   424 +
 .../README.md                                      |    95 +
 .../approval.json                                  |    21 +
 .../receipt.json                                   |   359 +
 docs/design/causal-control-role-crossover-v1.md    |   167 +
 docs/design/causal-cost-investigation/README.md    |   106 +
 docs/design/causal-cost-investigation/STATUS.md    |    67 +
 .../aligned-capture/.gitignore                     |     3 +
 .../aligned-capture/README.md                      |    77 +
 .../aligned-capture/approval.txt                   |    17 +
 .../aligned-capture/approval.txt.claim.json        |     4 +
 .../aligned-capture/receipt.json                   |    13 +
 .../aligned-capture/summarize.py                   |    40 +
 .../aligned-capture/summary.json                   |   758 +
 .../aligned-clock-preparation/.gitignore           |     2 +
 .../aligned-clock-preparation/README.md            |    43 +
 .../aligned-clock-preparation/apple-header.json    |     4 +
 .../aligned-clock-preparation/evidence-index.json  |    15 +
 .../aligned-clock-preparation/mach_time.h          |    77 +
 .../aligned-clock-preparation/plan.json            |    88 +
 .../aligned-clock-preparation/plan.json.claim.json |     4 +
 .../aligned-clock-preparation/platform.json        |    47 +
 .../probes/00/analysis.json                        |    22 +
 .../probes/00/command.json                         |    14 +
 .../aligned-clock-preparation/probes/00/exit.json  |    22 +
 .../probes/00/native-clock.json                    |    12 +
 .../aligned-clock-preparation/probes/00/probe.json |     1 +
 .../probes/00/process.json                         |     1 +
 .../probes/00/profile.json                         |     1 +
 .../aligned-clock-preparation/probes/00/stderr.log |     0
 .../aligned-clock-preparation/probes/00/stdout.log |     0
 .../aligned-clock-preparation/probes/result.json   |    48 +
 .../aligned-clock-preparation/replay.py            |    35 +
 .../aligned-clock-preparation/source-proof.md      |    15 +
 .../aligned-clock-preparation/source.tar.gz        |   Bin 0 -> 52733 bytes
 .../aligned-clock-preparation/sources.json         |    50 +
 .../aligned-clock-preparation/verification.json    |    27 +
 .../aligned-runtime-design-check.json              |    29 +
 .../aligned-runtime-design.md                      |   148 +
 .../aligned-tools/.gitignore                       |     2 +
 .../aligned-tools/README.md                        |    78 +
 .../aligned-tools/archive-replay.json              |    12 +
 .../aligned-tools/artifact-index.json              |   118 +
 .../aligned-tools/checks.json                      |    15 +
 .../aligned-tools/frozen-verifier-smoke.json       |     7 +
 .../aligned-tools/prepared.tar.gz                  |   Bin 0 -> 516145 bytes
 .../aligned-tools/qualification.json               |   237 +
 .../aligned-tools/verification.json                |     8 +
 .../causal-cost-investigation/analyze-profile.py   |    27 +
 .../anchor-clock-preparation/README.md             |    65 +
 .../anchor-clock-preparation/evidence-index.json   |    42 +
 .../anchor-clock-preparation/frozen-inputs.tar.gz  |   Bin 0 -> 87590 bytes
 .../anchor-clock-preparation/plan.json             |   100 +
 .../anchor-clock-preparation/plan.json.claim.json  |     4 +
 .../anchor-clock-preparation/pre-execution.md      |     8 +
 .../probes/00/analysis.json                        |    30 +
 .../probes/00/command.json                         |    14 +
 .../anchor-clock-preparation/probes/00/exit.json   |    22 +
 .../probes/00/native-clock.json                    |    12 +
 .../anchor-clock-preparation/probes/00/probe.json  |     1 +
 .../probes/00/process.json                         |     1 +
 .../probes/00/profile.json                         |     1 +
 .../anchor-clock-preparation/probes/00/stderr.log  |     0
 .../anchor-clock-preparation/probes/00/stdout.log  |     0
 .../probes/01/analysis.json                        |    30 +
 .../probes/01/command.json                         |    14 +
 .../anchor-clock-preparation/probes/01/exit.json   |    22 +
 .../probes/01/native-clock.json                    |    12 +
 .../anchor-clock-preparation/probes/01/probe.json  |     1 +
 .../probes/01/process.json                         |     1 +
 .../probes/01/profile.json                         |     1 +
 .../anchor-clock-preparation/probes/01/stderr.log  |     0
 .../anchor-clock-preparation/probes/01/stdout.log  |     0
 .../probes/02/analysis.json                        |    30 +
 .../probes/02/command.json                         |    14 +
 .../anchor-clock-preparation/probes/02/exit.json   |    22 +
 .../probes/02/native-clock.json                    |    12 +
 .../anchor-clock-preparation/probes/02/probe.json  |     1 +
 .../probes/02/process.json                         |     1 +
 .../probes/02/profile.json                         |     1 +
 .../anchor-clock-preparation/probes/02/stderr.log  |     0
 .../anchor-clock-preparation/probes/02/stdout.log  |     0
 .../probes/03/analysis.json                        |    11 +
 .../probes/03/command.json                         |    15 +
 .../anchor-clock-preparation/probes/03/exit.json   |    15 +
 .../probes/03/native-clock.json                    |    12 +
 .../anchor-clock-preparation/probes/03/probe.json  |     1 +
 .../probes/03/process.json                         |     1 +
 .../anchor-clock-preparation/probes/03/stderr.log  |     0
 .../anchor-clock-preparation/probes/03/stdout.log  |     0
 .../anchor-clock-preparation/probes/result.json    |   105 +
 .../anchor-clock-preparation/probes/timebase.json  |     4 +
 .../anchor-clock-preparation/replay.py             |    66 +
 .../anchor-clock-preparation/verification.json     |    26 +
 .../design/causal-cost-investigation/authority.log |   178 +
 .../baseline-receipt.json                          |    13 +
 .../caller-attribution.json                        |    49 +
 .../candidate-review/README.md                     |    48 +
 .../candidate-review/analyze.py                    |    31 +
 .../candidate-review/authority.log                 |   178 +
 .../candidate-review/dashboard.log                 |    64 +
 .../candidate-review/partition.json                |    86 +
 .../candidate-review/preservation.json             |    14 +
 .../candidate-review/receipt.json                  |    12 +
 .../clock-anchor-design/README.md                  |   131 +
 .../clock-anchor-design/arithmetic.json            |     9 +
 .../clock-anchor-design/check.py                   |    27 +
 .../clock-anchor-design/node_process-inl.h         |    26 +
 .../clock-anchor-design/node_process.h             |   112 +
 .../clock-anchor-design/per_thread.js              |   553 +
 .../clock-anchor-design/sources.json               |    20 +
 .../comparison-proof/authority.log                 |   178 +
 .../comparison-proof/corrected-counts.json         |   119 +
 .../comparison-proof/count-lint-v1.mjs             |    78 +
 .../comparison-proof/count.mjs                     |    33 +
 .../comparison-proof/dashboard.log                 |    64 +
 .../comparison-proof/exit.json                     |     5 +
 .../comparison-proof/instrumentation.json          |    12 +
 .../comparison-proof/instrumentation.patch         |    38 +
 .../comparison-proof/partial-counts.jsonl          |    11 +
 .../comparison-proof/prepare-run.py                |    29 +
 .../comparison-proof/preservation.json             |    14 +
 .../comparison-proof/receipt.json                  |    30 +
 .../comparison-proof/remaining-exit.json           |     6 +
 .../comparison-proof/remaining-lint-v1.mjs         |    61 +
 .../comparison-proof/remaining-result.json         |   239 +
 .../comparison-proof/remaining-stderr.log          |     0
 .../comparison-proof/remaining-stdout.log          |     0
 .../comparison-proof/remaining.mjs                 |    22 +
 .../comparison-proof/review.md                     |    63 +
 .../comparison-proof/stderr.log                    |   364 +
 .../comparison-proof/stdout.log                    |     0
 .../comparison-proof/verification.json             |     8 +
 .../design/causal-cost-investigation/dashboard.log |    64 +
 .../dependency-comparison-capture/README.md        |    60 +
 .../archive-replay.json                            |     6 +
 .../authority-check.log                            |   178 +
 .../authorization-context.json                     |    19 +
 .../collector-exit.json                            |     1 +
 .../dependency-comparison-capture/collector.log    |    49 +
 .../dashboard-check.log                            |    64 +
 .../dependency-comparison-capture/report.json      |     1 +
 .../runtime-preflight.json                         |    12 +
 .../runtime-review.md                              |    16 +
 .../dependency-comparison-tools/.gitignore         |     2 +
 .../dependency-comparison-tools/PLAN.md            |    39 +
 .../dependency-comparison-tools/README.md          |    50 +
 .../approval.example.json                          |     9 +
 .../dependency-comparison-tools/approval.json      |     8 +
 .../dependency-comparison-tools/build-lint-v1.mjs  |   204 +
 .../dependency-comparison-tools/build.mjs          |   204 +
 .../dependency-comparison-tools/capture-claim.json |     1 +
 .../checks/archive-replay.log                      |     1 +
 .../checks/collector.log                           |     2 +
 .../dependency-comparison-tools/checks/driver.log  |     1 +
 .../checks/failures.log                            |    20 +
 .../checks/pipeline.log                            |    53 +
 .../checks/qualification.json                      |    21 +
 .../checks/verifier.log                            |     1 +
 .../dependency-comparison-tools/child.mjs          |   102 +
 .../dependency-comparison-tools/collect.py         |   105 +
 .../dependency-comparison-tools/continuity.py      |    15 +
 .../dependency-comparison-tools/driver.mjs         |    88 +
 .../dependency-comparison-tools/fake_runtime.py    |    39 +
 .../dependency-comparison-tools/freeze.py          |    15 +
 .../dependency-comparison-tools/prepare.py         |    34 +
 .../dependency-comparison-tools/test_collector.py  |    21 +
 .../dependency-comparison-tools/test_driver.mjs    |    44 +
 .../dependency-comparison-tools/test_failures.py   |    54 +
 .../dependency-comparison-tools/test_pipeline.py   |    39 +
 .../dependency-comparison-tools/test_verify.py     |    97 +
 .../dependency-comparison-tools/verify.py          |   191 +
 .../README.md                                      |    68 +
 .../comparison-plan.md                             |    47 +
 .../receipt.json                                   |   147 +
 .../source-binding.json                            |    15 +
 .../dependency-initialization-review/README.md     |   119 +
 .../source-binding.json                            |    35 +
 .../dependency-measurement-design/README.md        |   132 +
 .../design-check.json                              |    12 +
 .../dependency-order-audit/README.md               |    59 +
 .../dependency-order-audit/analysis.json           |  8767 +++++++
 .../dependency-order-audit/analyze.py              |    47 +
 .../diagnostic-capture/README.md                   |   102 +
 .../diagnostic-capture/analysis.json               |  7717 ++++++
 .../diagnostic-capture/approval.txt                |     5 +
 .../diagnostic-capture/approval.txt.claim.json     |     4 +
 .../diagnostic-capture/archive-replay.json         |    10 +
 .../diagnostic-capture/capture-exit.json           |     1 +
 .../diagnostic-capture/capture-output.txt          |     0
 .../diagnostic-capture/command.json                |    12 +
 .../diagnostic-capture/preservation-before.json    |    28 +
 .../diagnostic-capture/receipt.json                |    42 +
 .../diagnostic-capture/summarize.py                |    34 +
 .../diagnostic-capture/summary.json                |   144 +
 .../diagnostic-capture/verification.json           |    12 +
 .../diagnostic-tools/README.md                     |    90 +
 .../diagnostic-tools/adapterQualification-r2.json  |    12 +
 .../diagnostic-tools/adapterQualification.json     |    11 +
 .../diagnostic-tools/archive-replay.json           |     8 +
 .../diagnostic-tools/final-adapter-plan.json       |    23 +
 .../diagnostic-tools/final-adapter-result.json     |     5 +
 .../diagnostic-tools/qualification-logs.json       |    25 +
 .../diagnostic-tools/qualification-plan.json       |    24 +
 .../diagnostic-tools/qualification.json            |   155 +
 .../diagnostic-tools/review.md                     |    12 +
 .../diagnostic-tools/toolProbe.json                |    10 +
 .../diagnostic-tools/verification.json             |    33 +
 .../fixed-workload-diagnostic.md                   |   163 +
 .../followup-audit/README.md                       |    91 +
 .../followup-audit/analyze.py                      |    44 +
 .../followup-audit/phase-shares.json               |   743 +
 .../followup-audit/verification.json               |    22 +
 .../implementation-preparation/README.md           |    66 +
 .../implementation-preparation/authority.log       |   178 +
 .../implementation-preparation/binding.json        |    12 +
 .../implementation-preparation/dashboard.log       |    64 +
 .../implementation-preparation/preservation.json   |    14 +
 .../implementation-preparation/probe-lint-v1.mjs   |    69 +
 .../implementation-preparation/probe.mjs           |    21 +
 .../implementation-preparation/receipt.json        |    17 +
 .../implementation-preparation/result.json         |    23 +
 .../implementation-preparation/source-hashes.json  |     8 +
 .../implementation-preparation/stderr.log          |     0
 .../implementation-preparation/stdout.log          |     0
 .../implementation/README.md                       |    19 +
 .../implementation/artifacts.log                   |    12 +
 .../implementation/authority.log                   |   178 +
 .../implementation/browser-smoke.log               |    24 +
 .../implementation/build.log                       |   641 +
 .../implementation/checks.json                     |    61 +
 .../implementation/comparison-final.log            |     1 +
 .../implementation/comparison.log                  |     1 +
 .../implementation/dashboard.log                   |    64 +
 .../implementation/final-static-checks.json        |    22 +
 .../implementation/lint-diagnostics.json           |   342 +
 .../implementation/lint-existing.json              |    57 +
 .../implementation/lint-final.log                  |  1097 +
 .../implementation/lint.log                        |  1067 +
 .../implementation/no-raw-async.log                |     2 +
 .../implementation/preservation.json               |    12 +
 .../implementation/qualification-final.json        |  4996 ++++
 .../implementation/qualification-final.log         |    76 +
 .../implementation/qualification.json              |  4996 ++++
 .../implementation/qualification.log               |    76 +
 .../implementation/receipt.json                    |    85 +
 .../implementation/reruns.jsonl                    |     3 +
 .../implementation/review.md                       |    11 +
 .../implementation/root-soak.log                   |    54 +
 .../implementation/scoped-format.log               |     1 +
 .../implementation/source-hashes.json              |     4 +
 .../implementation/test-typecheck-final.log        |     1 +
 .../implementation/test-typecheck.log              |     1 +
 .../implementation/tests-final.log                 |   299 +
 .../implementation/tests.log                       |   305 +
 .../implementation/typecheck-final.log             |     4 +
 .../implementation/typecheck.log                   |     7 +
 .../performance-comparison/PLAN.md                 |    17 +
 .../performance-comparison/README.md               |    45 +
 .../performance-comparison/approval.json           |    15 +
 .../performance-comparison/archive-replay.log      |     1 +
 .../performance-comparison/build-lint-v1.mjs       |   210 +
 .../performance-comparison/build.mjs               |   210 +
 .../performance-comparison/capture.log             |     1 +
 .../performance-comparison/child.mjs               |   102 +
 .../performance-comparison/collect.py              |    65 +
 .../collector-qualification.log                    |     2 +
 .../continuation-capture.log                       |    48 +
 .../continuation-qualification.json                |     9 +
 .../performance-comparison/continuation.json       |    79 +
 .../performance-comparison/continue_capture.py     |    62 +
 .../driver-qualification.log                       |     1 +
 .../performance-comparison/driver.mjs              |    88 +
 .../performance-comparison/final-review.md         |     7 +
 .../performance-comparison/phase-results.csv       |   385 +
 .../performance-comparison/prepare.py              |    33 +
 .../performance-comparison/preservation.json       |    13 +
 .../performance-comparison/qualification.json      |    23 +
 .../performance-comparison/receipt.json            |    69 +
 .../performance-comparison/replay.py               |    23 +
 .../retained-first-child-verification.json         |   105 +
 .../reused-boundary-qualification.log              |     4 +
 .../performance-comparison/review.md               |     9 +
 .../performance-comparison/summary.json            |   742 +
 .../performance-comparison/system-env-probe.json   |     1 +
 .../performance-comparison/test_collector.py       |    20 +
 .../performance-comparison/test_driver.mjs         |    44 +
 .../performance-comparison/test_verify.py          |    86 +
 .../verifier-qualification.log                     |     1 +
 .../performance-comparison/verify.py               |   146 +
 .../performance-comparison/verify_continuation.py  |   153 +
 .../causal-cost-investigation/preservation.json    |    14 +
 .../recording-capture/README.md                    |    75 +
 .../recording-capture/analysis.json                |  5288 +++++
 .../recording-capture/approval.txt                 |     6 +
 .../recording-capture/approval.txt.claim.json      |     4 +
 .../recording-capture/archive-replay.json          |     8 +
 .../recording-capture/capture-exit.json            |     1 +
 .../recording-capture/capture-output.txt           |     0
 .../recording-capture/command.json                 |    14 +
 .../recording-capture/preservation-before.json     |    28 +
 .../recording-capture/receipt.json                 |    31 +
 .../recording-capture/summarize.py                 |    26 +
 .../recording-capture/summary.json                 |   333 +
 .../recording-capture/verification.json            |    10 +
 .../recording-intervention.md                      |   138 +
 .../recording-tools/README.md                      |    75 +
 .../recording-tools/archive-replay.json            |    20 +
 .../recording-tools/check-0.txt                    |    17 +
 .../recording-tools/check-1.txt                    |     7 +
 .../recording-tools/check-2.txt                    |     1 +
 .../recording-tools/check-3.txt                    |     5 +
 .../recording-tools/check-4.txt                    |     5 +
 .../recording-tools/check-5.txt                    |     5 +
 .../recording-tools/check-6.json                   |     3 +
 .../recording-tools/checks.json                    |    60 +
 .../recording-tools/preparation.json               |    33 +
 .../recording-tools/qualification.json             |   172 +
 .../recording-tools/review.md                      |    12 +
 .../recording-tools/verification.json              |     8 +
 .../retained-runtime-audit/README.md               |    71 +
 .../retained-runtime-audit/analyze.py              |    43 +
 .../retained-runtime-audit/report.json             |  1830 ++
 .../retained-runtime-audit/verification.json       |    11 +
 .../single-version-capture/README.md               |    47 +
 .../single-version-capture/archive-replay.json     |     6 +
 .../authorization-context.json                     |    14 +
 .../single-version-capture/collector-exit.json     |     1 +
 .../single-version-capture/collector.log           |     1 +
 .../single-version-capture/failure-audit.json      |    22 +
 .../single-version-capture/report.json             |     1 +
 .../single-version-rss-capture/README.md           |    18 +
 .../single-version-rss-capture/archive-replay.json |     6 +
 .../authorization-context.json                     |    13 +
 .../single-version-rss-capture/collector-exit.json |     1 +
 .../single-version-rss-capture/collector.log       |    30 +
 .../single-version-rss-capture/report.json         |     1 +
 .../single-version-rss-tools/.gitignore            |     2 +
 .../single-version-rss-tools/README.md             |    30 +
 .../single-version-rss-tools/RSS-POLICY.md         |    18 +
 .../single-version-rss-tools/approval.example.json |     9 +
 .../single-version-rss-tools/approval.json         |     8 +
 .../single-version-rss-tools/capture-claim.json    |     1 +
 .../checks/archive-replay.json                     |     1 +
 .../single-version-rss-tools/checks/child.log      |     1 +
 .../single-version-rss-tools/checks/failures.log   |    28 +
 .../single-version-rss-tools/checks/pipeline.log   |    36 +
 .../single-version-rss-tools/checks/rss.log        |   118 +
 .../single-version-rss-tools/child-lint-v1.mjs     |   108 +
 .../single-version-rss-tools/child.mjs             |   105 +
 .../single-version-rss-tools/collect.py            |   141 +
 .../single-version-rss-tools/continuity.py         |    15 +
 .../single-version-rss-tools/driver-lint-v1.mjs    |    86 +
 .../single-version-rss-tools/driver.mjs            |    80 +
 .../single-version-rss-tools/fake_runtime.py       |    38 +
 .../single-version-rss-tools/freeze.py             |    13 +
 .../test_child-lint-v1.mjs                         |    98 +
 .../single-version-rss-tools/test_child.mjs        |    41 +
 .../single-version-rss-tools/test_failures.py      |    58 +
 .../single-version-rss-tools/test_pipeline.py      |    78 +
 .../single-version-rss-tools/test_rss.py           |    49 +
 .../single-version-rss-tools/verify.py             |   218 +
 .../single-version-rss-v2-capture/README.md        |    52 +
 .../archive-replay.json                            |     6 +
 .../authorization-context.json                     |    13 +
 .../collector-exit.json                            |     1 +
 .../single-version-rss-v2-capture/collector.log    |    33 +
 .../single-version-rss-v2-capture/report.json      |     1 +
 .../single-version-rss-v2-tools/.gitignore         |     2 +
 .../single-version-rss-v2-tools/README.md          |    21 +
 .../single-version-rss-v2-tools/RSS-POLICY.md      |    25 +
 .../approval.example.json                          |     9 +
 .../single-version-rss-v2-tools/approval.json      |     8 +
 .../single-version-rss-v2-tools/capture-claim.json |     1 +
 .../checks/archive-replay.json                     |     1 +
 .../single-version-rss-v2-tools/checks/child.log   |     1 +
 .../checks/failures.log                            |    28 +
 .../checks/pipeline.log                            |    36 +
 .../single-version-rss-v2-tools/checks/rss.log     |   156 +
 .../single-version-rss-v2-tools/child-lint-v1.mjs  |   108 +
 .../single-version-rss-v2-tools/child.mjs          |   105 +
 .../single-version-rss-v2-tools/collect.py         |   147 +
 .../single-version-rss-v2-tools/continuity.py      |    15 +
 .../single-version-rss-v2-tools/driver-lint-v1.mjs |    86 +
 .../single-version-rss-v2-tools/driver.mjs         |    80 +
 .../single-version-rss-v2-tools/fake_runtime.py    |    38 +
 .../single-version-rss-v2-tools/freeze.py          |    13 +
 .../test_child-lint-v1.mjs                         |    98 +
 .../single-version-rss-v2-tools/test_child.mjs     |    41 +
 .../single-version-rss-v2-tools/test_failures.py   |    58 +
 .../single-version-rss-v2-tools/test_pipeline.py   |    78 +
 .../single-version-rss-v2-tools/test_rss.py        |    61 +
 .../single-version-rss-v2-tools/verify.py          |   225 +
 .../single-version-tools/.gitignore                |     2 +
 .../single-version-tools/README.md                 |    58 +
 .../single-version-tools/approval.example.json     |     9 +
 .../single-version-tools/approval.json             |     8 +
 .../single-version-tools/capture-claim.json        |     1 +
 .../checks/archive-replay.json                     |     6 +
 .../single-version-tools/checks/child.log          |     1 +
 .../single-version-tools/checks/failures.log       |    28 +
 .../single-version-tools/checks/pipeline.log       |    36 +
 .../single-version-tools/checks/review.md          |     9 +
 .../single-version-tools/child-lint-v1.mjs         |   108 +
 .../single-version-tools/child.mjs                 |   105 +
 .../single-version-tools/collect.py                |   130 +
 .../single-version-tools/continuity.py             |    15 +
 .../single-version-tools/driver-lint-v1.mjs        |    86 +
 .../single-version-tools/driver.mjs                |    80 +
 .../single-version-tools/fake_runtime.py           |    38 +
 .../single-version-tools/freeze.py                 |    12 +
 .../single-version-tools/prepare.py                |    27 +
 .../single-version-tools/test_child-lint-v1.mjs    |    98 +
 .../single-version-tools/test_child.mjs            |    41 +
 .../single-version-tools/test_failures.py          |    58 +
 .../single-version-tools/test_pipeline.py          |    78 +
 .../single-version-tools/verify.py                 |   196 +
 .../soak-timeout-audit/README.md                   |    58 +
 .../soak-timeout-audit/receipt.json                |    25 +
 .../soak-timeout-audit/source-binding.json         |     6 +
 .../soak-timeout-audit/verification.json           |    22 +
 .../causal-cost-investigation/source-check.json    |    22 +
 .../source-readiness/README.md                     |    86 +
 .../source-readiness/bind-lint-v1.mjs              |    76 +
 .../source-readiness/bind.mjs                      |    40 +
 .../source-readiness/compare.py                    |    20 +
 .../retained-source-comparison.json                |    72 +
 .../source-readiness/source-manifest.json          |   509 +
 .../source-readiness/verification.json             |    25 +
 docs/design/causal-coverage-key/README.md          |    49 +
 docs/design/causal-coverage-key/mutations.json     |  4999 ++++
 .../causal-coverage-key/negative-verification.json |    33 +
 docs/design/causal-coverage-key/receipt.json       |    51 +
 docs/design/causal-coverage-key/summary.json       |   459 +
 .../README.md                                      |    60 +
 .../analysis.json                                  |  1309 +
 .../analyze.py                                     |    51 +
 .../approval.json                                  |    24 +
 .../closure-checks.json                            |    39 +
 .../event-coverage.json                            |   246 +
 .../independent-verification.json                  |  3703 +++
 .../lint-result.json                               |     4 +
 .../matched-comparisons.csv                        |    97 +
 .../offline-results.json                           |    14 +
 .../portable-self-verification.json                |  3703 +++
 .../portable-verification.json                     |  3703 +++
 .../preservation-after.json                        |    14 +
 .../preservation-before.json                       |    12 +
 .../qualification.json                             |    59 +
 .../receipt.json                                   |    85 +
 .../review.json                                    |    57 +
 .../tables.md                                      |    23 +
 .../ts-tests-result.json                           |     4 +
 .../causal-cpu-wall-diagnostic-v1.check.json       |    41 +
 docs/design/causal-cpu-wall-diagnostic-v1.md       |   186 +
 .../README.md                                      |    82 +
 .../analysis.json                                  |  6495 +++++
 .../analyze.py                                     |    46 +
 .../checks.json                                    |    18 +
 .../receipt.json                                   |    29 +
 .../verification.json                              |     7 +
 .../verify-lint-v1.mjs                             |    64 +
 .../verify.mjs                                     |    64 +
 docs/design/causal-creation-entry-review/README.md |   150 +
 .../causal-creation-entry-review/receipt.json      |    29 +
 .../README.md                                      |    38 +
 .../comparison-negatives.json                      |    29 +
 .../comparison-verification.json                   |   367 +
 .../cpu-attribution.json                           |    26 +
 .../receipt.json                                   |    41 +
 .../review.json                                    |     5 +
 .../runtime-mutations.json                         |  4996 ++++
 .../README.md                                      |    67 +
 .../approval.json                                  |    23 +
 .../receipt.json                                   |    69 +
 docs/design/causal-event-clock-repair-v1/README.md |   176 +
 .../causal-event-clock-repair-v1/checks.json       |    14 +
 .../causal-event-clock-repair-v1/design-check.json |    57 +
 .../causal-event-clock-repair-v1/vectors.json      |   126 +
 .../causal-evidence-query-optimization/README.md   |    42 +
 .../checks/authority.txt                           |   178 +
 .../checks/build.txt                               |   641 +
 .../checks/dashboard.txt                           |    64 +
 .../checks/focused.txt                             |   299 +
 .../checks/lint.txt                                |  1061 +
 .../checks/mutations.txt                           |    76 +
 .../checks/new-tests.txt                           |    10 +
 .../checks/noasync.txt                             |     2 +
 .../checks/package-typecheck-final.txt             |     1 +
 .../checks/package-typecheck.txt                   |     1 +
 .../checks/typecheck.txt                           |     4 +
 .../comparison-negatives.json                      |    29 +
 .../comparison-verification.json                   |   367 +
 .../receipt.json                                   |    45 +
 .../causal-evidence-query-optimization/review.json |     6 +
 .../runtime-mutations.json                         |  4996 ++++
 docs/design/causal-flush-copy/README.md            |    45 +
 docs/design/causal-flush-copy/differential.json    |    23 +
 docs/design/causal-flush-copy/mutations.json       |  4975 ++++
 .../causal-flush-copy/negative-verification.json   |    33 +
 .../causal-flush-copy/new-path-mutations.json      |    20 +
 docs/design/causal-flush-copy/receipt.json         |    47 +
 .../causal-flush-copy/replayed-differential.json   |    23 +
 docs/design/causal-flush-copy/summary.json         |   463 +
 docs/design/causal-focused-inbox-review/README.md  |   145 +
 .../causal-focused-inbox-review/receipt.json       |    17 +
 docs/design/causal-global-review/README.md         |    72 +
 docs/design/causal-global-review/cold-screen.json  |    96 +
 docs/design/causal-global-review/cold.json         |    96 +
 docs/design/causal-global-review/coverage.json     |  5430 +++++
 docs/design/causal-global-review/cpu-build.json    |     9 +
 .../design/causal-global-review/cpu-negatives.json |     9 +
 docs/design/causal-global-review/cpu.json          |  3477 +++
 docs/design/causal-global-review/negatives.json    |     9 +
 .../causal-global-review/quiescence-cpu.json       |    46 +
 docs/design/causal-global-review/receipt.json      |    16 +
 docs/design/causal-graded-acceptance/README.md     |    86 +
 .../causal-graded-acceptance/b121-mapping.json     |    72 +
 .../causal-graded-acceptance/check-result.json     |     9 +
 docs/design/causal-graded-acceptance/check.py      |    31 +
 .../causal-graded-acceptance/framework-response.md |    64 +
 docs/design/causal-graded-acceptance/freeze.json   |   154 +
 .../causal-graded-acceptance/human-review.md       |    33 +
 .../maintainer-response.md                         |    78 +
 .../causal-graded-acceptance/ordinary-response.md  |    58 +
 docs/design/causal-graded-acceptance/protocol.md   |    68 +
 docs/design/causal-graded-acceptance/receipt.json  |    99 +
 .../causal-graded-entry-implementation/README.md   |    64 +
 .../artifact-check.log                             |     6 +
 .../build-review.py                                |    37 +
 .../causal-graded-entry-implementation/demo.json   |  4150 ++++
 .../focused-tests.log                              |    10 +
 .../mutations.json                                 |   169 +
 .../receipt.json                                   |   157 +
 .../causal-graded-entry-implementation/review.html |    64 +
 .../source-binding.json                            |  3978 ++++
 .../causal-graded-entry-implementation/tests.log   |   244 +
 .../view-panel-tests.log                           |    10 +
 .../causal-graded-entry-integrated-review.md       |   192 +
 .../design/causal-granularity-diagnostic/README.md |    49 +
 .../negative-verification.json                     |    11 +
 docs/design/causal-granularity-diagnostic/qa.json  |    26 +
 .../causal-granularity-diagnostic/receipt.json     |    19 +
 .../causal-granularity-diagnostic/summary.json     |   506 +
 docs/design/causal-h-closeout/README.md            |    46 +
 docs/design/causal-h-closeout/lint-inventory.json  |  2629 ++
 docs/design/causal-h-closeout/receipt.json         |    16 +
 docs/design/causal-host-call-local/README.md       |    56 +
 .../excluded-global-change.json                    |    20 +
 .../causal-host-call-local/lint-format-attempt.log |   173 +
 docs/design/causal-host-call-local/lint.log        |     3 +
 .../causal-host-call-local/verification.json       |   136 +
 .../causal-host-completion-contract/README.md      |   119 +
 .../causal-host-completion-contract/receipt.json   |    12 +
 .../causal-host-completion-feasibility/README.md   |    66 +
 .../receipt.json                                   |    17 +
 docs/design/causal-host-proof-execution/README.md  |    39 +
 .../causal-host-proof-execution/approval.json      |    27 +
 .../causal-host-proof-execution/execution.log      |     1 +
 docs/design/causal-host-proof-execution/lint.log   |   471 +
 .../causal-host-proof-execution/preflight.json     |     9 +
 .../causal-host-proof-execution/receipt.json       |    49 +
 .../design/causal-host-proof-execution/replay.json |   480 +
 .../design/causal-host-proof-preparation/README.md |    36 +
 .../causal-host-proof-preparation/approval.json    |    10 +
 .../causal-host-proof-preparation/artifacts.log    |     6 +
 .../design/causal-host-proof-preparation/build.log |   766 +
 .../dashboard-final.log                            |    64 +
 .../causal-host-proof-preparation/dashboard.log    |    66 +
 .../executor-no-grant.log                          |    21 +
 .../causal-host-proof-preparation/exports.log      |     4 +
 .../focused-final.log                              |    15 +
 .../causal-host-proof-preparation/full-tests.log   |   247 +
 docs/design/causal-host-proof-preparation/lint.log |   475 +
 .../prior-attempts.json                            |    17 +
 .../qa-verification-gap.md                         |    45 +
 docs/design/causal-host-proof-preparation/qa.md    |    21 +
 .../causal-host-proof-preparation/receipt.json     |    88 +
 .../root-linkage-proposal.json                     |   113 +
 .../runtime-archive.json                           |     7 +
 .../workspace-authority-final.log                  |   178 +
 .../workspace-authority.log                        |   180 +
 .../worktree-authority-final.log                   |   174 +
 .../worktree-authority.log                         |   177 +
 .../design/causal-ingress-coverage-audit/README.md |    91 +
 .../causal-ingress-coverage-audit/receipt.json     |    19 +
 .../causal-integrated-implementation/README.md     |   112 +
 .../causal-integrated-implementation/artifact.log  |     8 +
 .../causal-integrated-implementation/build.log     |   641 +
 .../causal-integrated-implementation/focused.log   |    16 +
 .../causal-integrated-implementation/lint.log      |   474 +
 .../mutations.json                                 |   169 +
 .../owner-check.json                               |     6 +
 .../performance-attempt1.json                      |  1550 ++
 .../performance-pre-final-hardening.json           |  2829 +++
 .../performance.json                               |  2829 +++
 .../causal-integrated-implementation/receipt.json  |    28 +
 .../source-binding.json                            |  3978 ++++
 .../test-review.md                                 |    89 +
 .../causal-integrated-implementation/tests.log     |   240 +
 .../causal-integrated-implementation/types.log     |     5 +
 docs/design/causal-l-closeout/README.md            |    60 +
 docs/design/causal-l-closeout/frozen-files.json    |  2353 ++
 docs/design/causal-l-closeout/maintenance.json     |   182 +
 .../causal-l-closeout/preservation-index.json      |  1553 ++
 docs/design/causal-l-closeout/receipt.json         |    40 +
 .../causal-layered-use-implementation/README.md    |    44 +
 .../approval.json                                  |     8 +
 .../artifacts.log                                  |     8 +
 .../causal-layered-use-implementation/build.log    |   768 +
 .../causal-layered-use-implementation/demo.json    |  8246 +++++++
 .../causal-layered-use-implementation/demo.log     |     1 +
 .../docs-check.log                                 |     4 +
 .../causal-layered-use-implementation/exports.log  |     6 +
 .../final-types.log                                |     6 +
 .../causal-layered-use-implementation/lint.log     |   477 +
 .../causal-layered-use-implementation/receipt.json |   120 +
 .../tests-initial.log                              |   247 +
 .../causal-layered-use-implementation/tests.log    |   244 +
 docs/design/causal-layered-use-plan/README.md      |   158 +
 docs/design/causal-layered-use-plan/receipt.json   |   127 +
 docs/design/causal-lifetime-closeout/README.md     |    36 +
 .../causal-lifetime-closeout/acceptance-review.md  |    60 +
 docs/design/causal-lifetime-closeout/lint.log      |     3 +
 docs/design/causal-lifetime-closeout/receipt.json  |  9059 +++++++
 docs/design/causal-lifetime-closeout/tests.log     |    18 +
 docs/design/causal-lifetime-closeout/types.log     |     2 +
 .../causal-lifetime-closeout/verification.json     |   121 +
 docs/design/causal-lifetime-profile/README.md      |    66 +
 .../corrected-attribution.json                     |  6302 +++++
 .../causal-lifetime-profile/counts-attempt1.json   |   685 +
 .../causal-lifetime-profile/counts-bound.log       |     3 +
 docs/design/causal-lifetime-profile/counts.json    |   913 +
 docs/design/causal-lifetime-profile/counts.log     |     3 +
 docs/design/causal-lifetime-profile/lint.log       |     3 +
 .../causal-lifetime-profile/verification.json      |    42 +
 .../README.md                                      |    68 +
 .../approval.json                                  |    22 +
 .../receipt.json                                   |   110 +
 docs/design/causal-neutral-driver-v1.md            |   176 +
 .../causal-offline-closeout-design/README.md       |   111 +
 .../design/causal-performance-completion/README.md |    63 +
 .../corruption-tests.json                          |    40 +
 .../coverage-loaded-tests.json                     |     1 +
 .../causal-performance-completion/receipt.json     |    54 +
 .../selector-tests.json                            |     1 +
 .../causal-performance-control-audit-v1/README.md  |   118 +
 .../analysis.json                                  |   768 +
 .../causal-performance-control-audit-v1/analyze.py |   117 +
 .../checks.json                                    |    55 +
 .../receipt.json                                   |    45 +
 .../README.md                                      |   155 +
 .../approval.json                                  |    28 +
 ...sal-performance-repetition-v2.design-check.json |   281 +
 docs/design/causal-performance-repetition-v2.md    |   170 +
 .../causal-policy-comparison-diagnostic/README.md  |    60 +
 .../counts.json                                    |   146 +
 .../negatives.json                                 |     9 +
 .../receipt.json                                   |    13 +
 .../timing.json                                    |   434 +
 .../README.md                                      |    55 +
 .../negatives.json                                 |     9 +
 .../ordered.json                                   |    69 +
 .../receipt.json                                   |    18 +
 .../timing.json                                    |   434 +
 docs/design/causal-policy-conflict/README.md       |    32 +
 .../negative-verification.json                     |    33 +
 docs/design/causal-policy-conflict/receipt.json    |    22 +
 docs/design/causal-policy-conflict/summary.json    |   355 +
 .../README.md                                      |    76 +
 .../analysis.json                                  |  8180 +++++++
 .../analyze.py                                     |   121 +
 .../cross-check.py                                 |    36 +
 .../receipt.json                                   |    56 +
 .../verification.json                              |    10 +
 .../causal-post-optimization-review/README.md      |    33 +
 .../comparison.json                                |  5426 +++++
 .../causal-post-optimization-review/receipt.json   |    31 +
 docs/design/causal-preset-assembly-v1-addendum.md  |    11 +
 docs/design/causal-preset-assembly-v1.json         |    66 +
 docs/design/causal-preset-assembly-v1.md           |   354 +
 docs/design/causal-preset-numeric-contract-v1.md   |   117 +
 .../causal-preset-numeric-contract-v1.vectors.json |   592 +
 docs/design/causal-preset-numeric-review.md        |    49 +
 docs/design/causal-public-entry-review/README.md   |   306 +
 .../proposed-exports.json                          |    55 +
 .../causal-public-entry-review/source-audit.json   |    87 +
 .../causal-publication-material-v1-vectors.json    |    97 +
 docs/design/causal-publication-material-v1.json    |    26 +
 docs/design/causal-publication-material-v1.md      |   176 +
 docs/design/causal-quiescence-evidence/README.md   |    36 +
 .../causal-quiescence-evidence/mutations.json      |  4999 ++++
 .../negative-verification.json                     |    29 +
 .../design/causal-quiescence-evidence/receipt.json |    44 +
 .../design/causal-quiescence-evidence/summary.json |   463 +
 .../causal-quiet-outcome-feasibility/README.md     |    65 +
 .../causal-quiet-outcome-feasibility/receipt.json  |    33 +
 docs/design/causal-receipt-holdout/README.md       |    38 +
 .../negative-verification.json                     |    33 +
 docs/design/causal-receipt-holdout/receipt.json    |    15 +
 docs/design/causal-receipt-holdout/summary.json    |   355 +
 .../causal-receipt-identity-optimization/README.md |    42 +
 .../negative-verification.json                     |    33 +
 .../receipt.json                                   |    25 +
 .../summary.json                                   |   367 +
 docs/design/causal-receipt-lazy/README.md          |    34 +
 .../causal-receipt-lazy/negative-verification.json |    33 +
 docs/design/causal-receipt-lazy/receipt.json       |    21 +
 docs/design/causal-receipt-lazy/summary.json       |   355 +
 docs/design/causal-ref-comparison/README.md        |    45 +
 .../causal-ref-comparison/attempt-policy.json      |     6 +
 docs/design/causal-ref-comparison/mutations.json   |  4999 ++++
 .../negative-verification.json                     |    29 +
 docs/design/causal-ref-comparison/receipt.json     |    49 +
 docs/design/causal-ref-comparison/summary.json     |   463 +
 .../design/causal-rejection-owner-review/README.md |   103 +
 .../causal-rejection-owner-review/receipt.json     |    17 +
 docs/design/causal-release-allocation-v1/README.md |    13 +
 .../causal-release-allocation-v1/authority.log     |   178 +
 .../causal-release-allocation-v1/binding.json      |    12 +
 .../causal-release-allocation-v1/dashboard.log     |    64 +
 .../causal-release-allocation-v1/memory.jsonl      |     5 +
 .../observability-gap.md                           |     5 +
 .../causal-release-allocation-v1/preservation.json |    14 +
 .../causal-release-allocation-v1/probe-lint-v1.mjs |    85 +
 docs/design/causal-release-allocation-v1/probe.mjs |    33 +
 .../causal-release-allocation-v1/profile.json      |     1 +
 .../causal-release-allocation-v1/receipt.json      |    17 +
 .../causal-release-allocation-v1/result.json       |     1 +
 .../design/causal-release-allocation-v1/stderr.log |     0
 .../design/causal-release-allocation-v1/stdout.log |     0
 .../causal-release-allocation-v1/summary.json      |   152 +
 .../README.md                                      |    24 +
 .../analysis.json                                  |  1433 ++
 .../analyze.py                                     |    33 +
 .../approval.json                                  |    23 +
 .../cleanup-regression.log                         |     1 +
 .../cleanup-source-regression.log                  |     5 +
 .../dashboard.log                                  |    64 +
 .../full-ts-exit.json                              |     1 +
 .../full-ts.log                                    |   297 +
 .../independent-verification.json                  | 10612 +++++++++
 .../lint-exit.json                                 |     1 +
 .../lint.log                                       |   116 +
 .../loaded.log                                     |     1 +
 .../matched-comparisons.csv                        |    49 +
 .../paths.log                                      |     1 +
 .../portable-self-verification.json                | 10612 +++++++++
 .../portable-verification.json                     | 10612 +++++++++
 .../preservation-after.json                        |    20 +
 .../preservation-before.json                       |    16 +
 .../private-exits.json                             |     7 +
 .../qualification.json                             |    79 +
 .../receipt.json                                   |    58 +
 .../review.json                                    |    14 +
 .../segment-arithmetic-verification.json           |     6 +
 .../source.log                                     |     5 +
 .../verify-segments.mjs                            |    56 +
 .../workspace.log                                  |   178 +
 .../design/causal-release-boundaries-v1.check.json |    21 +
 docs/design/causal-release-boundaries-v1.md        |   102 +
 .../causal-release-comparison-build-v1/README.md   |    21 +
 .../archive-verification.json                      |     8 +
 .../causal-release-comparison-build-v1/biome.log   |     1 +
 .../js-qualification.log                           |     4 +
 .../preservation.json                              |    13 +
 .../python-qualification.log                       |     2 +
 .../receipt.json                                   |    36 +
 .../causal-release-comparison-build-v1/review.md   |     7 +
 .../causal-release-comparison-build-v2/README.md   |    19 +
 .../archive-verification.json                      |    11 +
 .../authority-check.log                            |   178 +
 .../dashboard-check.log                            |    64 +
 .../js-qualification.log                           |     4 +
 .../preservation.json                              |    14 +
 .../python-qualification.log                       |     2 +
 .../receipt.json                                   |    21 +
 .../retained-guard-verification.json               |    10 +
 .../source-verification.json                       |    19 +
 .../README.md                                      |    24 +
 .../approval.json                                  |    27 +
 .../counting-regression.log                        |     1 +
 .../final-scoped-biome.log                         |     1 +
 .../graph-regression.log                           |    10 +
 .../independent-verification.json                  |    34 +
 .../js-qualification.log                           |     2 +
 .../no-raw-async.log                               |     2 +
 .../portable-verification.json                     |     8 +
 .../post-failure-repair.log                        |     3 +
 .../preservation.json                              |    14 +
 .../python-qualification.log                       |     2 +
 .../qualification.json                             |    31 +
 .../receipt.json                                   |    68 +
 .../repair-qualification.json                      |    17 +
 .../review.md                                      |    14 +
 .../scoped-biome.log                               |     1 +
 .../test-typecheck.log                             |     1 +
 .../typecheck.log                                  |     4 +
 .../causal-release-cost-comparison-v1.checks.json  |    21 +
 docs/design/causal-release-cost-comparison-v1.md   |    95 +
 .../causal-release-cost-comparison-v2/README.md    |     9 +
 .../approval.json                                  |    29 +
 .../authority-check.log                            |   178 +
 .../causal-release-cost-comparison-v2/capture.log  |     1 +
 .../counting-regression.log                        |     1 +
 .../dashboard-check.log                            |    64 +
 .../js-qualification.log                           |     4 +
 .../prefix-only-rejection.json                     |     1 +
 .../preservation.json                              |    14 +
 .../python-qualification.log                       |     2 +
 .../qualification.json                             |    31 +
 .../causal-release-cost-comparison-v2/receipt.json |    25 +
 .../causal-release-cost-comparison-v2/review.md    |     1 +
 .../scoped-biome.log                               |     1 +
 .../causal-release-cost-comparison-v2/summary.json |    16 +
 .../terminal-verification.json                     |     1 +
 .../README.md                                      |    32 +
 .../approval.json                                  |    20 +
 .../artifact-exit.json                             |     1 +
 .../artifact.log                                   |    12 +
 .../biome-final-exit.json                          |     4 +
 .../biome-final.log                                |   927 +
 .../build-exit.json                                |     1 +
 .../build.log                                      |   641 +
 .../counting-exit.json                             |     1 +
 .../counting.log                                   |     1 +
 .../dashboard.log                                  |    64 +
 .../full-ts-exit.json                              |     1 +
 .../full-ts.log                                    |   306 +
 .../lint-exit.json                                 |     1 +
 .../lint.log                                       |   932 +
 .../no-raw-async-exit.json                         |     4 +
 .../no-raw-async.log                               |     2 +
 .../preservation.json                              |    17 +
 .../receipt.json                                   |   101 +
 .../review.json                                    |    29 +
 .../root-soak-exit.json                            |     1 +
 .../root-soak.log                                  |    56 +
 .../scoped-biome-exit.json                         |     3 +
 .../scoped-biome.log                               |     1 +
 .../targeted.log                                   |    10 +
 .../test-typecheck-exit.json                       |     4 +
 .../test-typecheck.log                             |     1 +
 .../typecheck-exit.json                            |     4 +
 .../typecheck.log                                  |     4 +
 .../workspace.log                                  |   178 +
 docs/design/causal-release-counting-v1.md          |    94 +
 docs/design/causal-release-memory-v1/README.md     |    11 +
 docs/design/causal-release-memory-v1/authority.log |   178 +
 docs/design/causal-release-memory-v1/dashboard.log |    64 +
 docs/design/causal-release-memory-v1/exit.json     |    11 +
 docs/design/causal-release-memory-v1/memory.jsonl  |    21 +
 .../causal-release-memory-v1/preservation.json     |    14 +
 .../causal-release-memory-v1/probe-lint-v1.mjs     |    32 +
 docs/design/causal-release-memory-v1/probe.mjs     |    18 +
 docs/design/causal-release-memory-v1/receipt.json  |    15 +
 docs/design/causal-release-memory-v1/stderr.log    |     0
 docs/design/causal-release-memory-v1/stdout.log    |     0
 docs/design/causal-release-memory-v1/summary.json  |    12 +
 docs/design/causal-release-preflight-v1/README.md  |    13 +
 .../archive-verification.json                      |    11 +
 .../authority-check.log                            |   178 +
 .../dashboard-check.log                            |    64 +
 .../causal-release-preflight-v1/preservation.json  |    14 +
 .../causal-release-preflight-v1/receipt.json       |    17 +
 .../causal-release-preflight-v1/run-lint-v1.mjs    |    51 +
 docs/design/causal-release-preflight-v1/run.mjs    |    31 +
 .../causal-release-preflight-v1/verification.json  |     1 +
 docs/design/causal-release-preflight-v1/verify.py  |    30 +
 docs/design/causal-remaining-cpu-v2/README.md      |    36 +
 .../causal-remaining-cpu-v2/build-provenance.json  |     9 +
 .../negative-verification.json                     |     9 +
 .../quiescence-attribution.json                    |    46 +
 .../causal-remaining-cpu-v2/quiescence-counts.json |    25 +
 .../causal-remaining-cpu-v2/quiescence-shape.json  |  1296 +
 docs/design/causal-remaining-cpu-v2/receipt.json   |    13 +
 docs/design/causal-remaining-cpu-v2/summary.json   |  5057 ++++
 docs/design/causal-remaining-cpu/README.md         |    38 +
 .../causal-remaining-cpu/build-provenance.json     |     9 +
 .../negative-verification.json                     |     9 +
 docs/design/causal-remaining-cpu/receipt.json      |    23 +
 docs/design/causal-remaining-cpu/summary.json      |  5378 +++++
 docs/design/causal-runtime-accessor-review.md      |   150 +
 docs/design/causal-scope-revision/README.md        |   103 +
 docs/design/causal-scope-revision/build.log        |   640 +
 docs/design/causal-scope-revision/export-smoke.log |     3 +
 docs/design/causal-scope-revision/receipt.json     |   103 +
 docs/design/causal-scope-revision/reproduce.mjs    |    92 +
 docs/design/causal-scope-revision/result.json      |   858 +
 docs/design/causal-unprofiled-latency/README.md    |    59 +
 .../environment-observed-after.json                |     6 +
 .../first-use-verification.json                    |    63 +
 .../prepare-causal-latency-baseline-lint-v1.mjs    |   100 +
 .../incidents/prepare-causal-latency-baseline.mjs  |   100 +
 .../incidents/run-causal-latency-baseline.py       |    28 +
 .../causal-unprofiled-latency/incidents/setup.json |    19 +
 .../input-granularity-review.md                    |    88 +
 .../negative-verification.json                     |    11 +
 docs/design/causal-unprofiled-latency/receipt.json |    39 +
 docs/design/causal-unprofiled-latency/replay.json  |     5 +
 .../causal-unprofiled-latency/verification.json    |  6729 ++++++
 docs/design/library-registration-audit/README.md   |   208 +
 .../library-registration-audit/inventory.json      |  7663 ++++++
 .../library-registration-audit/inventory.mjs       |    16 +
 .../library-registration-audit/probe-initial.mjs   |    54 +
 docs/design/library-registration-audit/probe.mjs   |    68 +
 .../library-registration-audit/result-initial.json |   181 +
 docs/design/library-registration-audit/result.json |   195 +
 .../design/library-registration-check-design-v1.md |   147 +
 .../library-registration-check-implementation.md   |   114 +
 .../library-registration-consolidation-v1.md       |   229 +
 docs/design/library-registration-cost-v1.md        |   126 +
 .../library-registration-implementation/README.md  |    89 +
 .../approval.json                                  |     8 +
 .../gr-final-doc-check.txt                         |     1 +
 .../gr-work-complete-check.txt                     |   178 +
 .../gr-work-complete-dashboard.txt                 |    64 +
 .../receipt.json                                   |    21 +
 .../record-gates.json                              |    22 +
 docs/docs.jsonl                                    |    19 +
 examples/spending-alerts/README.md                 |   126 +-
 examples/spending-alerts/causal-admission.ts       |   530 +
 .../spending-alerts/causal-audience.examples.ts    |    38 +
 examples/spending-alerts/causal-business.ts        |   414 +
 examples/spending-alerts/causal-entry.ts           |    77 +
 examples/spending-alerts/causal-focused-host.ts    |   578 +
 examples/spending-alerts/causal-graded-demo.ts     |   325 +
 examples/spending-alerts/causal-inputs.ts          |   438 +
 examples/spending-alerts/causal-material-owner.ts  |   151 +
 examples/spending-alerts/causal-numeric.ts         |   110 +
 examples/spending-alerts/causal-ordinary-panel.ts  |    19 +
 examples/spending-alerts/causal-preset.ts          |   206 +
 examples/spending-alerts/causal-publication.ts     |   483 +
 examples/spending-alerts/causal-resource.ts        |   262 +
 examples/spending-alerts/causal-view-binding.ts    |    56 +
 examples/spending-alerts/tsconfig.json             |    24 +-
 package.json                                       |     3 +-
 packages/ts/README.md                              |    29 +
 .../artifacts/root-eval-artifact-set.json          |    10 +-
 .../artifacts/root-eval-describe.json              |    50 +-
 .../artifacts/root-eval-live-qualification.json    |    12 +-
 .../artifacts/root-eval-observe-events.jsonl       |   990 +-
 .../root-eval-topology-qualification.json          |    18 +-
 .../check-historical-artifacts.ts                  |    59 +
 .../generate-root-eval-artifacts.ts                |    47 +-
 .../implementation-manifest.ts                     |     6 +-
 .../ts/qualification/causal-occurrence/README.md   |    10 +
 .../committed-v1-attribution-evidence.tar.gz       |   Bin 0 -> 3026266 bytes
 .../committed-v1-attribution-receipt.json          |   120 +
 .../causal-occurrence/committed-v1-attribution.md  |    63 +
 .../committed-v1-cold-phases-evidence.tar.gz       |   Bin 0 -> 704311 bytes
 .../committed-v1-cold-phases-receipt.json          |   111 +
 .../causal-occurrence/committed-v1-cold-phases.md  |    64 +
 .../committed-v1-diagnosis-evidence.tar.gz         |   Bin 0 -> 1299905 bytes
 .../committed-v1-diagnosis-receipt.json            |    81 +
 .../causal-occurrence/committed-v1-diagnosis.md    |    69 +
 .../causal-occurrence/committed-v1-evidence.tar.gz |   Bin 0 -> 5310616 bytes
 .../committed-v1-material-evidence.tar.gz          |   Bin 0 -> 1028573 bytes
 .../committed-v1-material-proposal.patch           |    60 +
 .../committed-v1-material-receipt.json             |   293 +
 .../committed-v1-material-review.md                |    60 +
 .../causal-occurrence/committed-v1-receipt.json    |  1835 ++
 .../causal-occurrence/committed-v1-review.md       |    54 +
 .../causal-occurrence/committed-v1-validation.json |    49 +
 .../causal-occurrence/committed-v2-closeout.json   |    95 +
 .../causal-occurrence/committed-v2-evidence.tar.gz |   Bin 0 -> 4735472 bytes
 .../causal-occurrence/committed-v2-receipt.json    |  2548 ++
 .../causal-occurrence/committed-v2-review.md       |    53 +
 .../committed-v2-shuffle-proposal.patch            |    81 +
 .../causal-occurrence/committed-v3-closeout.json   |   113 +
 .../causal-occurrence/committed-v3-evidence.tar.gz |   Bin 0 -> 5949782 bytes
 .../causal-occurrence/committed-v3-receipt.json    |  3899 +++
 .../causal-occurrence/committed-v3-review.md       |    26 +
 .../preset-assembly-approved/README.md             |    38 +
 .../preset-assembly-approved/approval.json         |    19 +
 .../preset-assembly-approved/artifact-index.json   |   314 +
 .../preset-assembly-approved/evidence.tar.gz       |   Bin 0 -> 1480557 bytes
 .../preset-assembly-approved/receipt.json          |   200 +
 .../preset-assembly-preflight/README.md            |   102 +
 .../preset-assembly-preflight/authorization.json   |    17 +
 .../preset-assembly-preflight/checks.json          |   122 +
 .../preset-assembly-preflight/dashboard-final.log  |    64 +
 .../preset-assembly-preflight/dashboard.log        |    64 +
 .../preset-assembly-preflight/example-types.log    |     0
 .../isolated-lane-tests.log                        |    10 +
 .../isolated-portable-tests.log                    |    10 +
 .../lane-original-result.json                      |   105 +
 .../lane-partial-result.json                       |   217 +
 .../lane-partial.vitest.config.mts                 |    23 +
 .../preset-assembly-preflight/lane-probe.log       |     2 +
 .../preset-assembly-preflight/lint-final.log       |    68 +
 .../preset-assembly-preflight/lint.log             |   169 +
 .../preset-assembly-preflight/original-tests.log   |    94 +
 .../preset-assembly-preflight/probe-lane.mjs       |    65 +
 .../proposed-evidence-correlation.patch            |    50 +
 .../proposed-evidence-edge.patch                   |    11 +
 .../preset-assembly-preflight/proposed-lane.patch  |    11 +
 .../preset-assembly-preflight/root-baseline.json   |    11 +
 .../preset-assembly-preflight/source-bindings.json |    29 +
 .../preset-assembly-preflight/workspace-final.log  |   178 +
 .../preset-assembly-preflight/workspace.log        |   178 +
 .../preset-cold-diagnosis-v1/README.md             |    52 +
 .../preset-cold-diagnosis-v1/artifact-index.json   |   110 +
 .../preset-cold-diagnosis-v1/dashboard.txt         |    64 +
 .../preset-cold-diagnosis-v1/evidence.tar.gz       |   Bin 0 -> 2347804 bytes
 .../preset-cold-diagnosis-v1/receipt.json          |   113 +
 .../preset-cold-diagnosis-v1/record-gates.json     |    16 +
 .../preset-cold-diagnosis-v1/workspace.txt         |   178 +
 .../preset-current-order-v1/README.md              |    58 +
 .../preset-current-order-v1/analysis.json          |   652 +
 .../preset-current-order-v1/artifact-index.json    |    99 +
 .../preset-current-order-v1/dashboard.txt          |    64 +
 .../preset-current-order-v1/evidence.tar.gz        |   Bin 0 -> 76251395 bytes
 .../preset-current-order-v1/order-comparison.csv   |    17 +
 .../preset-current-order-v1/receipt.json           |   127 +
 .../preset-current-order-v1/record-gates.json      |    16 +
 .../preset-current-order-v1/workspace.txt          |   178 +
 .../preset-node-cold-v1/README.md                  |    51 +
 .../preset-node-cold-v1/artifact-index.json        |    38 +
 .../preset-node-cold-v1/dashboard.txt              |    64 +
 .../preset-node-cold-v1/evidence.tar.gz            |   Bin 0 -> 6037089 bytes
 .../preset-node-cold-v1/node-analysis.json         |  3899 +++
 .../preset-node-cold-v1/node-ranking.csv           |   120 +
 .../preset-node-cold-v1/receipt.json               |   108 +
 .../preset-node-cold-v1/record-gates.json          |    16 +
 .../preset-node-cold-v1/workspace.txt              |   178 +
 .../causal-occurrence/preset-numeric-v2/README.md  |    46 +
 .../preset-numeric-v2/artifact-index.json          |   196 +
 .../preset-numeric-v2/evidence.tar.gz              |   Bin 0 -> 1641124 bytes
 .../preset-numeric-v2/receipt.json                 |   128 +
 .../preset-performance-v1/README.md                |    44 +
 .../preset-performance-v1/artifact-index.json      |    75 +
 .../preset-performance-v1/dashboard.txt            |    64 +
 .../preset-performance-v1/evidence.tar.gz          |   Bin 0 -> 1186749 bytes
 .../preset-performance-v1/receipt.json             |   241 +
 .../preset-performance-v1/record-gates.json        |    13 +
 .../preset-performance-v1/workspace.txt            |   178 +
 .../preset-reference-v1/README.md                  |    39 +
 .../preset-reference-v1/artifact-index.json        |   181 +
 .../preset-reference-v1/dashboard.log              |    64 +
 .../preset-reference-v1/evidence.tar.gz            |   Bin 0 -> 1667953 bytes
 .../preset-reference-v1/receipt.json               |   192 +
 .../preset-reference-v1/workspace.log              |   178 +
 .../publication-preflight-v1-equivalence.json      |   265 +
 .../publication-preflight-v1-receipt.json          |   588 +
 .../publication-preflight-v1-review.md             |    29 +
 .../publication-preflight-v1-typecheck.patch       |    22 +
 .../causal-occurrence/publication-v1-closeout.json |    74 +
 .../publication-v1-evidence.tar.gz                 |   Bin 0 -> 11521536 bytes
 .../causal-occurrence/publication-v1-receipt.json  |  2792 +++
 .../causal-occurrence/publication-v1-review.md     |    33 +
 .../local-untrusted-js-runner.mjs                  |  3585 +--
 .../causal-admission-capacity-feasibility.test.ts  |    49 +
 .../__tests__/causal-cold-assembly.d162.test.ts    |     4 +-
 .../__tests__/causal-committed-view.d163.test.ts   |   375 +
 .../src/__tests__/causal-evidence-terminal.test.ts |   157 +
 .../ts/src/__tests__/causal-flush-copy.test.ts     |    72 +
 .../causal-focused-host-authorization.test.ts      |   151 +
 .../causal-focused-host-construction.test.ts       |   175 +
 .../__tests__/causal-focused-host-failures.test.ts |   348 +
 .../ts/src/__tests__/causal-focused-host.test.ts   |   273 +
 .../ts/src/__tests__/causal-graded-entry.test.ts   |   363 +
 .../causal-host-completion-feasibility.test.ts     |   268 +
 .../causal-ingress-owner-feasibility.test.ts       |    44 +
 .../__tests__/causal-quiescence-evidence.test.ts   |   100 +
 .../causal-quiet-outcome-feasibility.test.ts       |    96 +
 packages/ts/src/__tests__/causal-resource.test.ts  |   219 +
 .../ts/src/__tests__/causal-view-binding.test.ts   |   111 +
 .../src/__tests__/graph-construction.d161.test.ts  |    45 +-
 packages/ts/src/__tests__/graph.part-02.test.ts    |    69 +
 .../ts/src/__tests__/registration.d167.test.ts     |   476 +
 .../root-eval-historical-integrity.test.ts         |    38 +
 ...agentic-memory-work-item-root-eval-live.test.ts |   147 +-
 ...tic-memory-work-item-root-eval-topology.test.ts |    62 +-
 .../solutions-causal-coverage-key.test.ts          |    80 +
 .../solutions-causal-occurrence.d791.test.ts       |    20 +-
 .../solutions-causal-ref-comparison.test.ts        |    72 +
 .../src/__tests__/spending-alerts-audience.test.ts |    87 +
 .../spending-alerts-causal-preset.test.ts          |   889 +
 .../spending-alerts-causal-publication.test.ts     |  1085 +
 .../spending-alerts-preset-reference.test.ts       |   609 +
 .../__tests__/spending-proof-plain-host.test.ts    |   334 +
 .../src/__tests__/spending-proof-verifier.test.ts  |   345 +
 packages/ts/src/graph/checkpoint.ts                |     7 +-
 packages/ts/src/graph/construction-scope.ts        |    36 +-
 packages/ts/src/graph/graph-lifecycle.ts           |     7 +-
 packages/ts/src/graph/graph-topology-group.ts      |     6 +-
 packages/ts/src/graph/graph.ts                     |   294 +-
 packages/ts/src/graph/operators.ts                 |    13 +-
 packages/ts/src/messaging/index.ts                 |     9 +-
 packages/ts/src/messaging/internal.ts              |    48 +-
 packages/ts/src/messaging/runtime-types.ts         |     3 -
 packages/ts/src/node/core.ts                       |    41 +-
 packages/ts/src/node/node-checkpoint-runtime.ts    |    67 +
 packages/ts/src/node/node-lifecycle-runtime.ts     |    26 +-
 packages/ts/src/node/node-rewire-runtime.ts        |    64 +-
 packages/ts/src/node/node.ts                       |   329 +-
 packages/ts/src/node/owned-acquisition.ts          |    62 +-
 packages/ts/src/node/runtime-accessors.ts          |   117 +-
 .../solutions/causal-occurrence/committed-view.ts  |    43 +
 .../solutions/causal-occurrence/construction.ts    |   135 +-
 .../src/solutions/causal-occurrence/contracts.ts   |    28 +-
 .../ts/src/solutions/causal-occurrence/evidence.ts |    65 +-
 .../ts/src/solutions/causal-occurrence/identity.ts |    86 +-
 .../src/solutions/causal-occurrence/lifecycle.ts   |    15 +-
 .../src/solutions/causal-occurrence/transition.ts  |    66 +-
 packages/ts/tsup.config.ts                         |     2 +
 plan/work.jsonl                                    |     6 +
 scripts/analyze-causal-quiescence-cpu.py           |    18 +
 scripts/analyze-spending-host-profile.py           |    80 +
 scripts/analyze-spending-preset-cold.mjs           |   120 +
 scripts/analyze-spending-preset-cold.test.mjs      |    35 +
 scripts/audit-causal-action-cpu.py                 |    35 +
 scripts/audit-causal-current-processes.py          |    13 +
 scripts/audit-causal-global-review.py              |    39 +
 scripts/audit-causal-performance-coverage.py       |    89 +
 scripts/audit-causal-post-optimization.py          |    35 +
 scripts/build-causal-release-comparison.mjs        |   208 +
 scripts/capture-causal-aligned.py                  |   193 +
 scripts/capture-causal-recording.py                |   159 +
 scripts/capture-causal-workload.py                 |   151 +
 scripts/causal-action-cpu.mjs                      |    69 +
 scripts/causal-aligned-clock.test.py               |    61 +
 scripts/causal-aligned-driver.test.mjs             |   148 +
 scripts/causal-aligned-observation.mjs             |   164 +
 scripts/causal-aligned-observation.test.mjs        |    96 +
 scripts/causal-aligned-supervisor.py               |    53 +
 scripts/causal-aligned-tools.test.py               |    97 +
 scripts/causal-anchor-clock.test.py                |    90 +
 scripts/causal-block-history.py                    |   195 +
 scripts/causal-block-history.test.mjs              |   322 +
 scripts/causal-block-history.test.py               |   287 +
 scripts/causal-cleanup-diagnostic.py               |   150 +
 scripts/causal-cleanup-observer.mjs                |    78 +
 scripts/causal-cleanup.test.mjs                    |   418 +
 scripts/causal-cleanup.test.py                     |    99 +
 scripts/causal-control-crossover.py                |   231 +
 scripts/causal-control-crossover.test.py           |   259 +
 scripts/causal-coverage-key.mjs                    |   223 +
 scripts/causal-coverage-key.test.py                |    26 +
 scripts/causal-cpu-diagnostic.py                   |   169 +
 scripts/causal-cpu-observer.mjs                    |   105 +
 scripts/causal-cpu-trace.mjs                       |   226 +
 scripts/causal-cpu.test.mjs                        |   636 +
 scripts/causal-cpu.test.py                         |   137 +
 scripts/causal-current-evidence.test.py            |    28 +
 scripts/causal-currentness-query-comparison.mjs    |   184 +
 .../causal-currentness-query-comparison.test.py    |    25 +
 scripts/causal-event-correlation.mjs               |   289 +
 scripts/causal-event-correlation.test.mjs          |   430 +
 scripts/causal-evidence-query-comparison.mjs       |   184 +
 scripts/causal-evidence-query-comparison.test.py   |    25 +
 scripts/causal-flush-copy.mjs                      |   190 +
 scripts/causal-flush-copy.test.py                  |    26 +
 scripts/causal-global-cold-lint-v1.mjs             |   129 +
 scripts/causal-global-cold.mjs                     |    49 +
 scripts/causal-neutral-driver.py                   |   166 +
 scripts/causal-neutral-driver.test.mjs             |   252 +
 scripts/causal-neutral-driver.test.py              |   223 +
 scripts/causal-performance-coverage.mjs            |   111 +
 scripts/causal-performance-coverage.py             |    75 +
 scripts/causal-performance-coverage.test.mjs       |   119 +
 scripts/causal-performance-coverage.test.py        |    20 +
 scripts/causal-policy-conflict.mjs                 |   215 +
 scripts/causal-policy-conflict.test.py             |    26 +
 scripts/causal-policy-prototype-lint-v1.mjs        |   136 +
 scripts/causal-policy-prototype.mjs                |    36 +
 scripts/causal-position-current.py                 |    54 +
 scripts/causal-position-pairs.py                   |   222 +
 scripts/causal-position-pairs.test.mjs             |   477 +
 scripts/causal-position-pairs.test.py              |   208 +
 scripts/causal-quiescence-evidence.mjs             |   182 +
 scripts/causal-quiescence-evidence.test.py         |    25 +
 scripts/causal-receipt-holdout.mjs                 |   215 +
 scripts/causal-receipt-holdout.test.py             |    26 +
 scripts/causal-receipt-identity-comparison.mjs     |   193 +
 scripts/causal-receipt-identity-comparison.test.py |    26 +
 scripts/causal-receipt-lazy.mjs                    |   215 +
 scripts/causal-receipt-lazy.test.py                |    26 +
 scripts/causal-recording-capture.test.py           |    78 +
 scripts/causal-recording-driver.test.mjs           |   185 +
 scripts/causal-recording-failure.test.mjs          |   214 +
 scripts/causal-recording-fixture.py                |    18 +
 scripts/causal-recording-supervisor.py             |    53 +
 scripts/causal-recording-termination.test.mjs      |    67 +
 scripts/causal-recording-verifier.test.py          |   121 +
 scripts/causal-ref-comparison.mjs                  |   182 +
 scripts/causal-ref-comparison.test.py              |    25 +
 scripts/causal-release-comparison-child.mjs        |   102 +
 scripts/causal-release-comparison-driver.mjs       |    88 +
 scripts/causal-release-comparison.test.mjs         |   673 +
 scripts/causal-release-counting.test.mjs           |   323 +
 scripts/causal-release-diagnostic.py               |   154 +
 scripts/causal-release-observer.mjs                |    59 +
 scripts/causal-release-paths.test.mjs              |   360 +
 scripts/causal-release.test.mjs                    |   473 +
 scripts/causal-release.test.py                     |   107 +
 scripts/causal-remaining-cpu.mjs                   |    76 +
 scripts/causal-steady-profile.mjs                  |   100 +
 scripts/causal-workload-capture.test.py            |    58 +
 scripts/causal-workload-driver.test.mjs            |   280 +
 scripts/causal-workload-observation.mjs            |    93 +
 scripts/causal-workload-run-verifier.test.py       |   124 +
 scripts/causal-workload-source.test.mjs            |   103 +
 scripts/causal-workload-supervisor.py              |   115 +
 scripts/causal-workload-supervisor.test.py         |    51 +
 scripts/causal-workload-verifier.test.py           |   145 +
 scripts/check-causal-aligned-source.mjs            |    28 +
 scripts/check-causal-block-source.mjs              |   104 +
 scripts/check-causal-granularity-negatives.py      |    24 +
 scripts/check-causal-latency-evidence-negatives.py |    24 +
 scripts/check-causal-lint-evidence.py              |    71 +
 scripts/check-causal-lint-maintenance.mjs          |    72 +
 scripts/check-causal-neutral-source.mjs            |   102 +
 scripts/check-causal-position-source.mjs           |    97 +
 scripts/check-causal-recording-source-lint-v1.mjs  |    69 +
 scripts/check-causal-recording-source.mjs          |    68 +
 scripts/check-causal-selection-batch-probe.mjs     |   105 +
 scripts/check-causal-workload-source.mjs           |   111 +
 scripts/check-ts-package-batch.mjs                 |   179 +
 scripts/check-ts-package-exports.mjs               |     4 +
 scripts/check-typecheck.ts                         |     1 +
 scripts/collect-causal-release-comparison.py       |   146 +
 scripts/compare-causal-cold-standalone.mjs         |    54 +-
 scripts/compare-causal-committed-view.mjs          |   173 +
 scripts/compare-causal-construction.mjs            |    91 +-
 scripts/compare-causal-required-edges.mjs          |    28 +-
 scripts/compare-library-registration-check.mjs     |   227 +
 scripts/compare-library-registration.mjs           |   158 +
 scripts/compare-spending-host-call-local.mjs       |   234 +
 scripts/compare-spending-preset-repetition.mjs     |   341 +
 scripts/compare-spending-preset.mjs                |   221 +
 scripts/compare-spending-publication.mjs           |    74 +
 .../count-causal-policy-comparisons-lint-v1.mjs    |    92 +
 scripts/count-causal-policy-comparisons.mjs        |    39 +
 scripts/count-causal-quiescence.mjs                |    64 +
 scripts/count-spending-host-lifetime.mjs           |   146 +
 scripts/derive-causal-aligned-driver.mjs           |    29 +
 scripts/derive-causal-block-driver.mjs             |    87 +
 scripts/derive-causal-cleanup.mjs                  |    99 +
 scripts/derive-causal-cpu-driver-lint-v1.mjs       |    35 +
 scripts/derive-causal-cpu-driver.mjs               |    34 +
 scripts/derive-causal-neutral-driver.mjs           |    85 +
 scripts/derive-causal-position-driver.mjs          |    66 +
 scripts/derive-causal-recording-driver-lint-v1.mjs |    62 +
 scripts/derive-causal-recording-driver.mjs         |    61 +
 scripts/derive-causal-release.mjs                  |    64 +
 scripts/derive-causal-workload-driver.mjs          |    63 +
 scripts/diagnose-causal-cold-phases.mjs            |   243 +
 scripts/diagnose-causal-committed-performance.mjs  |   224 +
 scripts/diagnose-library-registration-cost.mjs     |   371 +
 scripts/diagnose-spending-builder.mjs              |   211 +
 scripts/diagnose-spending-current-order.mjs        |   495 +
 scripts/diagnose-spending-current-order.test.mjs   |   127 +
 scripts/diagnose-spending-dependency-input.mjs     |   189 +
 scripts/diagnose-spending-node-cold.mjs            |   432 +
 scripts/diagnose-spending-node-cold.test.mjs       |    68 +
 scripts/diagnose-spending-preset-cold.mjs          |   356 +
 scripts/diagnose-spending-preset-cold.test.mjs     |    22 +
 scripts/execute-spending-host-proof.mjs            |   168 +
 scripts/fixtures/causal-committed-oracle.mjs       |   156 +
 scripts/fixtures/causal-coverage-profile-v2.ts     |   106 +
 scripts/fixtures/causal-coverage-profile.ts        |   102 +
 scripts/fixtures/causal-cpu-observer.mjs           |    34 +
 scripts/fixtures/causal-event-clock.mjs            |    59 +
 scripts/fixtures/causal-granularity.ts             |   192 +
 scripts/fixtures/causal-latency-baseline.ts        |   105 +
 scripts/fixtures/causal-latency-first-use.ts       |    49 +
 .../fixtures/causal-performance-attribution.mjs    |    71 +
 .../fixtures/causal-release-comparison-oracle.ts   |   110 +
 scripts/fixtures/causal-release-comparison.ts      |    93 +
 scripts/fixtures/library-registration-probe.ts     |   197 +
 scripts/fixtures/spending-focused-host-direct.ts   |    83 +
 scripts/fixtures/spending-focused-host-harness.ts  |   124 +
 scripts/fixtures/spending-numeric-oracle.ts        |    71 +
 scripts/fixtures/spending-numeric-plain.ts         |    96 +
 scripts/fixtures/spending-numeric-verification.ts  |    70 +
 scripts/fixtures/spending-preset-harness.ts        |   348 +
 scripts/fixtures/spending-preset-oracle.ts         |    94 +
 .../fixtures/spending-preset-performance-worker.ts |   342 +
 scripts/fixtures/spending-preset-performance.ts    |   242 +
 scripts/fixtures/spending-preset-plain.ts          |   559 +
 .../fixtures/spending-preset-reference-freeze.ts   |    92 +
 .../fixtures/spending-preset-reference-input.ts    |   238 +
 scripts/fixtures/spending-preset-reference-run.ts  |   125 +
 scripts/fixtures/spending-preset-reference.ts      |   996 +
 scripts/fixtures/spending-preset-scenarios.ts      |   123 +
 scripts/fixtures/spending-preset-verification.ts   |   149 +
 scripts/fixtures/spending-proof-plain-host.ts      |   438 +
 scripts/fixtures/spending-proof-scenarios.ts       |   601 +
 scripts/fixtures/spending-proof-verifier.ts        |   490 +
 scripts/fixtures/spending-proof-worker.ts          |   214 +
 scripts/fixtures/spending-publication-harness.ts   |   290 +
 scripts/fixtures/spending-publication-measure.ts   |   349 +
 scripts/fixtures/spending-publication-oracle.ts    |   417 +
 scripts/fixtures/spending-publication-reference.ts |    96 +
 scripts/inspect-causal-quiescence.mjs              |    53 +
 scripts/inspect-library-registration-cost.mjs      |   139 +
 scripts/measure-spending-construction-pair.mjs     |   234 +
 scripts/measure-spending-focused-host.mjs          |   262 +
 scripts/measure-spending-host-lifetime.mjs         |   218 +
 scripts/prepare-causal-aligned-tools.mjs           |    57 +
 scripts/prepare-causal-coverage-profile-v2.mjs     |    75 +
 scripts/prepare-causal-coverage-profile.mjs        |    75 +
 scripts/prepare-causal-granularity.mjs             |    83 +
 scripts/prepare-causal-latency-baseline.mjs        |    98 +
 scripts/prepare-causal-latency-first-use.mjs       |    59 +
 scripts/prepare-causal-policy-product.mjs          |    94 +
 scripts/prepare-causal-position-current.mjs        |   131 +
 scripts/prepare-causal-recording-tools.mjs         |    70 +
 scripts/prepare-causal-selection-batch-probe.mjs   |   127 +
 scripts/prepare-causal-workload-tools.mjs          |   142 +
 scripts/probe-causal-aligned-clock.mjs             |   109 +
 scripts/probe-causal-anchor-clock.mjs              |   124 +
 scripts/probe-causal-workload-observer.mjs         |    28 +
 scripts/profile-spending-host-lifetime.mjs         |   303 +
 scripts/qualify-causal-cold-assembly.mjs           |    12 +-
 scripts/qualify-causal-committed-view.mjs          |   256 +
 scripts/qualify-causal-construction.mjs            |     8 +-
 scripts/qualify-causal-event-clock.mjs             |   133 +
 scripts/qualify-causal-occurrence.mjs              |    18 +-
 scripts/qualify-causal-workload-adapters.mjs       |    96 +
 scripts/qualify-library-registration.mjs           |   169 +
 scripts/qualify-spending-focused-host.mjs          |   183 +
 scripts/qualify-spending-host-proof.mjs            |   418 +
 scripts/qualify-spending-host-source-binding.mjs   |   201 +
 scripts/qualify-spending-preset-reference.mjs      |   217 +
 scripts/qualify-spending-preset-runtime.mjs        |   323 +
 scripts/qualify-spending-preset.mjs                |   127 +
 scripts/qualify-spending-publication.mjs           |   289 +
 scripts/rebuild-causal-release-comparison.mjs      |    81 +
 scripts/replay-causal-event-clock.mjs              |    59 +
 scripts/replay-causal-event-clock.test.mjs         |    43 +
 scripts/report-causal-cpu.mjs                      |   170 +
 scripts/run-causal-anchor-probes.py                |    76 +
 scripts/run-causal-clock-probes.py                 |    67 +
 scripts/run-causal-coverage-key.py                 |    24 +
 scripts/run-causal-currentness-query-comparison.py |    24 +
 scripts/run-causal-evidence-query-comparison.py    |    24 +
 scripts/run-causal-flush-copy.py                   |    24 +
 scripts/run-causal-global-cold.py                  |    17 +
 scripts/run-causal-granularity.py                  |    30 +
 scripts/run-causal-latency-baseline.py             |    28 +
 scripts/run-causal-latency-first-use.py            |    20 +
 scripts/run-causal-policy-conflict.py              |    24 +
 scripts/run-causal-policy-prototype.py             |    15 +
 scripts/run-causal-profile-v2.py                   |    34 +
 scripts/run-causal-profile.py                      |    34 +
 scripts/run-causal-quiescence-evidence.py          |    24 +
 scripts/run-causal-receipt-holdout.py              |    24 +
 scripts/run-causal-receipt-identity-comparison.py  |    24 +
 scripts/run-causal-receipt-lazy.py                 |    24 +
 scripts/run-causal-ref-comparison.py               |    24 +
 scripts/run-causal-remaining-cpu.py                |    20 +
 scripts/spending-preset-performance-report.mjs     |    69 +
 scripts/spending-preset-performance.test.mjs       |   141 +
 scripts/spending-preset-repetition.mjs             |   174 +
 scripts/spending-preset-repetition.test.mjs        |   466 +
 scripts/test-causal-currentness-comparison.mjs     |   271 +
 scripts/test-causal-global-review.py               |    16 +
 scripts/test-causal-lint-evidence.py               |   119 +
 scripts/test-causal-policy-prototype.py            |    12 +
 scripts/test-causal-release-comparison.py          |   139 +
 scripts/test-causal-remaining-cpu.py               |    12 +
 scripts/verify-causal-aligned-child.py             |   141 +
 scripts/verify-causal-aligned-clock.py             |    55 +
 scripts/verify-causal-aligned-run.py               |   194 +
 scripts/verify-causal-anchor-clock.py              |   124 +
 scripts/verify-causal-block-history.py             |   229 +
 scripts/verify-causal-cleanup.py                   |   218 +
 scripts/verify-causal-control-crossover.py         |   204 +
 scripts/verify-causal-coverage-key.py              |    44 +
 scripts/verify-causal-coverage-profile.py          |    46 +
 scripts/verify-causal-cpu.py                       |   399 +
 .../verify-causal-currentness-query-comparison.py  |    42 +
 scripts/verify-causal-event-clock.py               |   132 +
 scripts/verify-causal-event-clock.test.py          |    73 +
 scripts/verify-causal-evidence-query-comparison.py |    42 +
 scripts/verify-causal-flush-copy-behavior.mjs      |   229 +
 scripts/verify-causal-flush-copy.py                |    43 +
 scripts/verify-causal-global-cold.py               |    24 +
 scripts/verify-causal-granularity.py               |    44 +
 scripts/verify-causal-latency-baseline.py          |    55 +
 scripts/verify-causal-latency-first-use.py         |    30 +
 scripts/verify-causal-neutral-driver.py            |   181 +
 scripts/verify-causal-performance-completion.py    |    30 +
 scripts/verify-causal-performance-coverage.py      |    83 +
 scripts/verify-causal-policy-conflict.py           |    43 +
 scripts/verify-causal-policy-ordered.mjs           |    99 +
 scripts/verify-causal-policy-prototype.py          |    31 +
 scripts/verify-causal-position-current.py          |    51 +
 scripts/verify-causal-position-pairs.py            |   236 +
 scripts/verify-causal-quiescence-evidence.py       |    42 +
 scripts/verify-causal-receipt-holdout.py           |    43 +
 .../verify-causal-receipt-identity-comparison.py   |    43 +
 scripts/verify-causal-receipt-lazy.py              |    43 +
 scripts/verify-causal-recording-child.py           |    53 +
 scripts/verify-causal-recording-run.py             |   164 +
 scripts/verify-causal-ref-comparison.py            |    42 +
 scripts/verify-causal-release-comparison.py        |   225 +
 scripts/verify-causal-release.py                   |   291 +
 scripts/verify-causal-remaining-build.mjs          |    67 +
 scripts/verify-causal-remaining-cpu.py             |    34 +
 scripts/verify-causal-workload-diagnostic.py       |   169 +
 scripts/verify-causal-workload-run.py              |   149 +
 scripts/verify-spending-host-call-local.py         |    50 +
 scripts/verify-spending-host-proof-execution.mjs   |   137 +
 scripts/verify-spending-preset-repetition.mjs      |   264 +
 1767 files changed, 527125 insertions(+), 2954 deletions(-)
 create mode 100644 archive/evals/causal-aligned-capture-v1/artifact-index.json
 create mode 100644 archive/evals/causal-aligned-capture-v1/evidence.tar.gz
 create mode 100644 archive/evals/causal-block-history-v1/.gitignore
 create mode 100644 archive/evals/causal-block-history-v1/analysis.json
 create mode 100644 archive/evals/causal-block-history-v1/archive-proof.json
 create mode 100644 archive/evals/causal-block-history-v1/artifact-index.json
 create mode 100644 archive/evals/causal-block-history-v1/evidence.tar.gz
 create mode 100644 archive/evals/causal-block-history-v1/independent-verification.json
 create mode 100644 archive/evals/causal-block-history-v1/preservation.json
 create mode 100644 archive/evals/causal-block-history-v1/qualification.json
 create mode 100644 archive/evals/causal-block-history-v1/run/reservation.json
 create mode 100644 archive/evals/causal-block-history-v1/static-review.json
 create mode 100644 archive/evals/causal-cleanup-segments-v1/artifact-index.json
 create mode 100644 archive/evals/causal-cleanup-segments-v1/evidence.tar.gz
 create mode 100644 archive/evals/causal-cold-position-pairs-v3/.gitignore
 create mode 100644 archive/evals/causal-cold-position-pairs-v3/analysis.json
 create mode 100644 archive/evals/causal-cold-position-pairs-v3/archive-proof.json
 create mode 100644 archive/evals/causal-cold-position-pairs-v3/artifact-index.json
 create mode 100644 archive/evals/causal-cold-position-pairs-v3/evidence.tar.gz
 create mode 100644 archive/evals/causal-cold-position-pairs-v3/independent-verification.json
 create mode 100644 archive/evals/causal-console-marker-replay-v1/artifact-index.json
 create mode 100644 archive/evals/causal-console-marker-replay-v1/gates.json
 create mode 100644 archive/evals/causal-console-marker-replay-v1/logs/final-independent-verifier.json
 create mode 100644 archive/evals/causal-console-marker-replay-v1/logs/final-path-test.json
 create mode 100644 archive/evals/causal-console-marker-replay-v1/logs/final-replay.json
 create mode 100644 archive/evals/causal-console-marker-replay-v1/logs/full-test.json
 create mode 100644 archive/evals/causal-console-marker-replay-v1/logs/full-test.log
 create mode 100644 archive/evals/causal-console-marker-replay-v1/logs/independent-verifier.json
 create mode 100644 archive/evals/causal-console-marker-replay-v1/logs/lint.json
 create mode 100644 archive/evals/causal-console-marker-replay-v1/logs/lint.log
 create mode 100644 archive/evals/causal-console-marker-replay-v1/logs/python-negative.json
 create mode 100644 archive/evals/causal-console-marker-replay-v1/logs/python-negative.log
 create mode 100644 archive/evals/causal-console-marker-replay-v1/logs/replay.json
 create mode 100644 archive/evals/causal-console-marker-replay-v1/logs/tools.json
 create mode 100644 archive/evals/causal-console-marker-replay-v1/logs/tools.log
 create mode 100644 archive/evals/causal-console-marker-replay-v1/preservation.json
 create mode 100644 archive/evals/causal-console-marker-replay-v1/replay-final/correlation.json
 create mode 100644 archive/evals/causal-console-marker-replay-v1/replay-final/replay.json
 create mode 100644 archive/evals/causal-console-marker-replay-v1/replay/correlation.json
 create mode 100644 archive/evals/causal-console-marker-replay-v1/replay/replay.json
 create mode 100644 archive/evals/causal-console-marker-replay-v1/review.json
 create mode 100644 archive/evals/causal-console-marker-replay-v1/source/causal-event-correlation.mjs
 create mode 100644 archive/evals/causal-console-marker-replay-v1/source/causal-event-correlation.test.mjs
 create mode 100644 archive/evals/causal-console-marker-replay-v1/source/replay-causal-event-clock.initial.mjs
 create mode 100644 archive/evals/causal-console-marker-replay-v1/source/replay-causal-event-clock.mjs
 create mode 100644 archive/evals/causal-console-marker-replay-v1/source/replay-causal-event-clock.test.mjs
 create mode 100644 archive/evals/causal-console-marker-replay-v1/source/verify-causal-event-clock.py
 create mode 100644 archive/evals/causal-console-marker-replay-v1/source/verify-causal-event-clock.test.py
 create mode 100644 archive/evals/causal-control-role-crossover-attempt-2/.gitignore
 create mode 100644 archive/evals/causal-control-role-crossover-attempt-2/analysis.json
 create mode 100644 archive/evals/causal-control-role-crossover-attempt-2/archive-verification.json
 create mode 100644 archive/evals/causal-control-role-crossover-attempt-2/artifact-index.json
 create mode 100644 archive/evals/causal-control-role-crossover-attempt-2/evidence.tar.gz
 create mode 100644 archive/evals/causal-control-role-crossover-attempt-2/preservation.json
 create mode 100644 archive/evals/causal-control-role-crossover-attempt-2/review.json
 create mode 100644 archive/evals/causal-control-role-crossover-attempt-2/run/reservation.json
 create mode 100644 archive/evals/causal-control-role-crossover-v1/.gitignore
 create mode 100644 archive/evals/causal-control-role-crossover-v1/archive-verification.json
 create mode 100644 archive/evals/causal-control-role-crossover-v1/artifact-index.json
 create mode 100644 archive/evals/causal-control-role-crossover-v1/evidence.tar.gz
 create mode 100644 archive/evals/causal-control-role-crossover-v1/preservation.json
 create mode 100644 archive/evals/causal-control-role-crossover-v1/repair-review.json
 create mode 100644 archive/evals/causal-control-role-crossover-v1/review.json
 create mode 100644 archive/evals/causal-control-role-crossover-v1/run/reservation.json
 create mode 100644 archive/evals/causal-coverage-key-evidence-v1/evidence.tar.gz
 create mode 100644 archive/evals/causal-coverage-key-evidence-v1/index.json
 create mode 100644 archive/evals/causal-cpu-wall-diagnostic-v1/.gitignore
 create mode 100644 archive/evals/causal-cpu-wall-diagnostic-v1/README.md
 create mode 100644 archive/evals/causal-cpu-wall-diagnostic-v1/archive-receipt.json
 create mode 100644 archive/evals/causal-cpu-wall-diagnostic-v1/artifact-index.json
 create mode 100644 archive/evals/causal-cpu-wall-diagnostic-v1/evidence.tar.gz
 create mode 100644 archive/evals/causal-currentness-comparison-v1/.gitignore
 create mode 100644 archive/evals/causal-currentness-comparison-v1/artifact-index.json
 create mode 100644 archive/evals/causal-currentness-comparison-v1/evidence.tar.gz
 create mode 100644 archive/evals/causal-currentness-comparison-v1/initial-stop-index.json
 create mode 100644 archive/evals/causal-currentness-comparison-v1/initial-stop.tar.gz
 create mode 100644 archive/evals/causal-currentness-comparison-v1/report.json
 create mode 100644 archive/evals/causal-currentness-query-optimization-v1/artifact-index.json
 create mode 100644 archive/evals/causal-currentness-query-optimization-v1/evidence.tar.gz
 create mode 100644 archive/evals/causal-currentness-query-optimization-v1/verification.json
 create mode 100644 archive/evals/causal-dependency-comparison-capture-v1/artifact-index.json
 create mode 100644 archive/evals/causal-dependency-comparison-capture-v1/evidence.tar.gz
 create mode 100644 archive/evals/causal-dependency-comparison-preparation-v1/artifact-index.json
 create mode 100644 archive/evals/causal-dependency-comparison-preparation-v1/prepared.tar.gz
 create mode 100644 archive/evals/causal-dependency-initialization-v1/artifact-index.json
 create mode 100644 archive/evals/causal-dependency-initialization-v1/evidence.tar.gz
 create mode 100644 archive/evals/causal-event-clock-repair-v1/artifact-index.json
 create mode 100644 archive/evals/causal-event-clock-repair-v1/capture-attempt.json
 create mode 100644 archive/evals/causal-event-clock-repair-v1/capture/approval.json
 create mode 100644 archive/evals/causal-event-clock-repair-v1/capture/correlation.json
 create mode 100644 archive/evals/causal-event-clock-repair-v1/capture/evidence.json
 create mode 100644 archive/evals/causal-event-clock-repair-v1/capture/fixture.mjs
 create mode 100644 archive/evals/causal-event-clock-repair-v1/capture/manifest.json
 create mode 100644 archive/evals/causal-event-clock-repair-v1/capture/stderr.log
 create mode 100644 archive/evals/causal-event-clock-repair-v1/capture/stdout.log
 create mode 100644 archive/evals/causal-event-clock-repair-v1/capture/trace-1.json
 create mode 100644 archive/evals/causal-event-clock-repair-v1/gates.json
 create mode 100644 archive/evals/causal-event-clock-repair-v1/legacy-audit.py
 create mode 100644 archive/evals/causal-event-clock-repair-v1/legacy-correction.json
 create mode 100644 archive/evals/causal-event-clock-repair-v1/logs/full-test.json
 create mode 100644 archive/evals/causal-event-clock-repair-v1/logs/full-test.log
 create mode 100644 archive/evals/causal-event-clock-repair-v1/logs/legacy-replay-first.json
 create mode 100644 archive/evals/causal-event-clock-repair-v1/logs/legacy-replay.log
 create mode 100644 archive/evals/causal-event-clock-repair-v1/logs/legacy-stats.json
 create mode 100644 archive/evals/causal-event-clock-repair-v1/logs/legacy-stats.log
 create mode 100644 archive/evals/causal-event-clock-repair-v1/logs/lint-final.json
 create mode 100644 archive/evals/causal-event-clock-repair-v1/logs/lint-final.log
 create mode 100644 archive/evals/causal-event-clock-repair-v1/logs/lint-first.json
 create mode 100644 archive/evals/causal-event-clock-repair-v1/logs/lint-first.log
 create mode 100644 archive/evals/causal-event-clock-repair-v1/logs/repetition-stats.json
 create mode 100644 archive/evals/causal-event-clock-repair-v1/logs/repetition-stats.log
 create mode 100644 archive/evals/causal-event-clock-repair-v1/logs/tools.json
 create mode 100644 archive/evals/causal-event-clock-repair-v1/logs/tools.log
 create mode 100644 archive/evals/causal-event-clock-repair-v1/preservation.json
 create mode 100644 archive/evals/causal-event-clock-repair-v1/review.json
 create mode 100644 archive/evals/causal-event-clock-repair-v1/source/baseline-performance-report.mjs
 create mode 100644 archive/evals/causal-event-clock-repair-v1/source/causal-event-clock.mjs
 create mode 100644 archive/evals/causal-event-clock-repair-v1/source/causal-event-correlation.mjs
 create mode 100644 archive/evals/causal-event-clock-repair-v1/source/causal-event-correlation.test.mjs
 create mode 100644 archive/evals/causal-event-clock-repair-v1/source/qualify-causal-event-clock.mjs
 create mode 100644 archive/evals/causal-event-clock-repair-v1/source/verify-causal-event-clock.py
 create mode 100644 archive/evals/causal-event-clock-repair-v1/tool-write-hook-incidents.json
 create mode 100644 archive/evals/causal-event-clock-repair-v1/verification-attempt.json
 create mode 100644 archive/evals/causal-event-clock-repair-v1/verification-final-rejection.json
 create mode 100644 archive/evals/causal-evidence-query-optimization-v1/artifact-index.json
 create mode 100644 archive/evals/causal-evidence-query-optimization-v1/evidence.tar.gz
 create mode 100644 archive/evals/causal-evidence-query-optimization-v1/verification.json
 create mode 100644 archive/evals/causal-flush-copy-evidence-v1/evidence.tar.gz
 create mode 100644 archive/evals/causal-flush-copy-evidence-v1/index.json
 create mode 100644 archive/evals/causal-global-review-evidence-v1/evidence.tar.gz
 create mode 100644 archive/evals/causal-granularity-evidence-v1/evidence.tar.gz
 create mode 100644 archive/evals/causal-granularity-evidence-v1/index.json
 create mode 100644 archive/evals/causal-h-closeout-evidence-v1/evidence.tar.gz
 create mode 100644 archive/evals/causal-host-call-local/attempt-1/baseline.mjs
 create mode 100644 archive/evals/causal-host-call-local/attempt-1/baseline.mjs.map
 create mode 100644 archive/evals/causal-host-call-local/attempt-1/driver.mjs
 create mode 100644 archive/evals/causal-host-call-local/attempt-1/method.json
 create mode 100644 archive/evals/causal-host-call-local/attempt-1/prototype.mjs
 create mode 100644 archive/evals/causal-host-call-local/attempt-1/prototype.mjs.map
 create mode 100644 archive/evals/causal-host-call-local/attempt-1/receipt.json
 create mode 100644 archive/evals/causal-host-lifetime-cpu/attempt-1/method.json
 create mode 100644 archive/evals/causal-host-lifetime-cpu/attempt-1/off-first8-attribution.json
 create mode 100644 archive/evals/causal-host-lifetime-cpu/attempt-1/off-first8.cpuprofile
 create mode 100644 archive/evals/causal-host-lifetime-cpu/attempt-1/off-last8-attribution.json
 create mode 100644 archive/evals/causal-host-lifetime-cpu/attempt-1/off-last8.cpuprofile
 create mode 100644 archive/evals/causal-host-lifetime-cpu/attempt-1/receipt.json
 create mode 100644 archive/evals/causal-host-lifetime-cpu/attempt-1/summary-first8-attribution.json
 create mode 100644 archive/evals/causal-host-lifetime-cpu/attempt-1/summary-first8.cpuprofile
 create mode 100644 archive/evals/causal-host-lifetime-cpu/attempt-1/summary-last8-attribution.json
 create mode 100644 archive/evals/causal-host-lifetime-cpu/attempt-1/summary-last8.cpuprofile
 create mode 100644 archive/evals/causal-host-lifetime-cpu/attempt-1/worker.mjs
 create mode 100644 archive/evals/causal-host-lifetime-cpu/attempt-1/worker.mjs.map
 create mode 100644 archive/evals/causal-host-proof-execution/local-files-v1.tar.gz
 create mode 100644 archive/evals/causal-host-proof-preparation/attempt-2026-09-14T20-21-41-018Z.tar.gz
 create mode 100644 archive/evals/causal-host-proof-preparation/attempt-2026-09-14T20-24-29-301Z.tar.gz
 create mode 100644 archive/evals/causal-host-proof-preparation/attempt-2026-09-14T20-25-30-682Z.tar.gz
 create mode 100644 archive/evals/causal-host-proof-preparation/attempt-2026-09-14T20-26-15-335Z.tar.gz
 create mode 100644 archive/evals/causal-host-proof-preparation/attempt-2026-09-14T20-26-15-335Z/future-execution-manifest.json
 create mode 100644 archive/evals/causal-host-proof-preparation/attempt-2026-09-14T20-26-15-335Z/summary.json
 create mode 100644 archive/evals/causal-l-closeout-evidence-v1/evidence.tar.gz
 create mode 100644 archive/evals/causal-l-closeout-evidence-v1/index.json
 create mode 100644 archive/evals/causal-l-index-preservation-v1/evidence.tar.gz
 create mode 100644 archive/evals/causal-l-owner-preservation-v1/evidence.tar.gz
 create mode 100644 archive/evals/causal-neutral-driver-v1/.gitignore
 create mode 100644 archive/evals/causal-neutral-driver-v1/analysis.json
 create mode 100644 archive/evals/causal-neutral-driver-v1/archive-proof.json
 create mode 100644 archive/evals/causal-neutral-driver-v1/artifact-index.json
 create mode 100644 archive/evals/causal-neutral-driver-v1/development-notes.json
 create mode 100644 archive/evals/causal-neutral-driver-v1/evidence.tar.gz
 create mode 100644 archive/evals/causal-neutral-driver-v1/independent-verification.json
 create mode 100644 archive/evals/causal-neutral-driver-v1/preservation.json
 create mode 100644 archive/evals/causal-neutral-driver-v1/qualification.json
 create mode 100644 archive/evals/causal-neutral-driver-v1/run/reservation.json
 create mode 100644 archive/evals/causal-neutral-driver-v1/static-review.json
 create mode 100644 archive/evals/causal-performance-completion-v1/artifact-index.json
 create mode 100644 archive/evals/causal-performance-completion-v1/evidence.tar.gz
 create mode 100644 archive/evals/causal-performance-completion-v1/verification.json
 create mode 100644 archive/evals/causal-performance-repetition-v2/archive-verification.json
 create mode 100644 archive/evals/causal-performance-repetition-v2/artifact-index.json
 create mode 100644 archive/evals/causal-performance-repetition-v2/evidence.tar.gz
 create mode 100644 archive/evals/causal-performance-repetition-v2/receipt.json
 create mode 100644 archive/evals/causal-performance-repetition-v2/result.json
 create mode 100644 archive/evals/causal-policy-comparison-evidence-v1/evidence.tar.gz
 create mode 100644 archive/evals/causal-policy-conflict-evidence-v1/evidence.tar.gz
 create mode 100644 archive/evals/causal-policy-conflict-evidence-v1/index.json
 create mode 100644 archive/evals/causal-policy-product-evidence-v1/evidence.tar.gz
 create mode 100644 archive/evals/causal-post-optimization-review-v1/artifact-index.json
 create mode 100644 archive/evals/causal-post-optimization-review-v1/evidence.tar.gz
 create mode 100644 archive/evals/causal-post-optimization-review-v1/verification.json
 create mode 100644 archive/evals/causal-quiescence-evidence-evidence-v1/evidence.tar.gz
 create mode 100644 archive/evals/causal-quiescence-evidence-evidence-v1/index.json
 create mode 100644 archive/evals/causal-receipt-holdout-evidence-v1/evidence.tar.gz
 create mode 100644 archive/evals/causal-receipt-holdout-evidence-v1/index.json
 create mode 100644 archive/evals/causal-receipt-identity-evidence-v1/evidence.tar.gz
 create mode 100644 archive/evals/causal-receipt-identity-evidence-v1/index.json
 create mode 100644 archive/evals/causal-receipt-lazy-evidence-v1/evidence.tar.gz
 create mode 100644 archive/evals/causal-receipt-lazy-evidence-v1/index.json
 create mode 100644 archive/evals/causal-recording-diagnostic-v1/.gitignore
 create mode 100644 archive/evals/causal-recording-diagnostic-v1/artifact-index.json
 create mode 100644 archive/evals/causal-recording-diagnostic-v1/evidence.tar.gz
 create mode 100644 archive/evals/causal-recording-tools-v1/.gitignore
 create mode 100644 archive/evals/causal-recording-tools-v1/artifact-index.json
 create mode 100644 archive/evals/causal-recording-tools-v1/prepared.tar.gz
 create mode 100644 archive/evals/causal-ref-comparison-evidence-v1/evidence.tar.gz
 create mode 100644 archive/evals/causal-ref-comparison-evidence-v1/index.json
 create mode 100644 archive/evals/causal-release-boundaries-v1/artifact-index.json
 create mode 100644 archive/evals/causal-release-boundaries-v1/evidence.tar.gz
 create mode 100644 archive/evals/causal-release-comparison-build-v1/artifact-index.json
 create mode 100644 archive/evals/causal-release-comparison-build-v1/evidence.tar.gz
 create mode 100644 archive/evals/causal-release-comparison-build-v2/artifact-index.json
 create mode 100644 archive/evals/causal-release-comparison-build-v2/evidence.tar.gz
 create mode 100644 archive/evals/causal-release-cost-comparison-v1/artifact-index.json
 create mode 100644 archive/evals/causal-release-cost-comparison-v1/evidence.tar.gz
 create mode 100644 archive/evals/causal-release-cost-comparison-v2/artifact-index.json
 create mode 100644 archive/evals/causal-release-cost-comparison-v2/evidence.tar.gz
 create mode 100644 archive/evals/causal-release-preflight-v1/artifact-index.json
 create mode 100644 archive/evals/causal-release-preflight-v1/evidence.tar.gz
 create mode 100644 archive/evals/causal-remaining-cpu-evidence-v1/evidence.tar.gz
 create mode 100644 archive/evals/causal-remaining-cpu-evidence-v1/index.json
 create mode 100644 archive/evals/causal-remaining-cpu-v2-evidence/evidence.tar.gz
 create mode 100644 archive/evals/causal-remaining-cpu-v2-evidence/index.json
 create mode 100644 archive/evals/causal-single-version-capture-v1/artifact-index.json
 create mode 100644 archive/evals/causal-single-version-capture-v1/evidence.tar.gz
 create mode 100644 archive/evals/causal-single-version-preparation-v1/artifact-index.json
 create mode 100644 archive/evals/causal-single-version-preparation-v1/prepared.tar.gz
 create mode 100644 archive/evals/causal-single-version-rss-capture-v1/artifact-index.json
 create mode 100644 archive/evals/causal-single-version-rss-capture-v1/evidence.tar.gz
 create mode 100644 archive/evals/causal-single-version-rss-preparation-v1/artifact-index.json
 create mode 100644 archive/evals/causal-single-version-rss-preparation-v1/prepared.tar.gz
 create mode 100644 archive/evals/causal-single-version-rss-v2-capture-v1/artifact-index.json
 create mode 100644 archive/evals/causal-single-version-rss-v2-capture-v1/evidence.tar.gz
 create mode 100644 archive/evals/causal-single-version-rss-v2-preparation-v1/artifact-index.json
 create mode 100644 archive/evals/causal-single-version-rss-v2-preparation-v1/prepared.tar.gz
 create mode 100644 archive/evals/causal-soak-timeout-audit-v1/artifact-index.json
 create mode 100644 archive/evals/causal-soak-timeout-audit-v1/evidence.tar.gz
 create mode 100644 archive/evals/causal-unprofiled-latency-evidence-v1/evidence.tar.gz
 create mode 100644 archive/evals/causal-unprofiled-latency-evidence-v1/index.json
 create mode 100644 archive/evals/causal-workload-diagnostic-tools-v1/artifact-index.json
 create mode 100644 archive/evals/causal-workload-diagnostic-tools-v1/prepared.tar.gz
 create mode 100644 archive/evals/causal-workload-diagnostic-v1/.gitignore
 create mode 100644 archive/evals/causal-workload-diagnostic-v1/artifact-index.json
 create mode 100644 archive/evals/causal-workload-diagnostic-v1/evidence.tar.gz
 create mode 100644 archive/evals/library-registration-check-v1/artifact-index.json
 create mode 100644 archive/evals/library-registration-check-v1/evidence.tar.gz
 create mode 100644 archive/evals/library-registration-check-v1/integrity-check.json
 create mode 100644 archive/evals/library-registration-check-v1/performance-analysis.json
 create mode 100644 archive/evals/library-registration-check-v1/plan.json
 create mode 100644 archive/evals/library-registration-check-v1/receipt.json
 create mode 100644 archive/evals/library-registration-check-v1/result.json
 create mode 100644 archive/evals/library-registration-check-v1/root-preservation.json
 create mode 100644 archive/evals/library-registration-check-v1/source-bindings.json
 create mode 100644 archive/evals/library-registration-cost-v1/analysis.json
 create mode 100644 archive/evals/library-registration-cost-v1/artifact-index.json
 create mode 100644 archive/evals/library-registration-cost-v1/evidence.tar.gz
 create mode 100644 archive/evals/library-registration-cost-v1/gate-0.log
 create mode 100644 archive/evals/library-registration-cost-v1/gate-1.log
 create mode 100644 archive/evals/library-registration-cost-v1/gate-2.log
 create mode 100644 archive/evals/library-registration-cost-v1/gate-3.log
 create mode 100644 archive/evals/library-registration-cost-v1/gate-4.log
 create mode 100644 archive/evals/library-registration-cost-v1/gates.json
 create mode 100644 archive/evals/library-registration-cost-v1/integrity-check.json
 create mode 100644 archive/evals/library-registration-cost-v1/receipt.json
 create mode 100644 archive/evals/library-registration-cost-v1/result.json
 create mode 100644 archive/evals/library-registration-cost-v1/review.json
 create mode 100644 archive/evals/library-registration-cost-v1/root-preservation.json
 create mode 100644 archive/evals/library-registration-cost-v1/run.log
 create mode 100644 archive/evals/library-registration-v1/artifact-index.json
 create mode 100644 archive/evals/library-registration-v1/evidence.tar.gz
 create mode 100644 archive/evals/library-registration-v1/result.json
 create mode 100644 docs/design/causal-admission-capacity-review/README.md
 create mode 100644 docs/design/causal-admission-capacity-review/receipt.json
 create mode 100644 docs/design/causal-assembly-closeout-review/README.md
 create mode 100644 docs/design/causal-assembly-closeout-review/audit.py
 create mode 100644 docs/design/causal-assembly-closeout-review/binding-audit.json
 create mode 100644 docs/design/causal-audience-review/README.md
 create mode 100644 docs/design/causal-audience-review/receipt.json
 create mode 100644 docs/design/causal-b121-proof-plan/README.md
 create mode 100644 docs/design/causal-b121-proof-plan/audit.json
 create mode 100644 docs/design/causal-block-history-v1-implementation/README.md
 create mode 100644 docs/design/causal-block-history-v1-implementation/approval.json
 create mode 100644 docs/design/causal-block-history-v1-implementation/receipt.json
 create mode 100644 docs/design/causal-block-history-v1.check.json
 create mode 100644 docs/design/causal-block-history-v1.md
 create mode 100644 docs/design/causal-cjs-batch-fix/README.md
 create mode 100644 docs/design/causal-cjs-batch-fix/artifact-manifests.json
 create mode 100644 docs/design/causal-cjs-batch-fix/artifacts.log
 create mode 100644 docs/design/causal-cjs-batch-fix/baseline-34-cases.log
 create mode 100644 docs/design/causal-cjs-batch-fix/baseline-initial-expectation.log
 create mode 100644 docs/design/causal-cjs-batch-fix/baseline-regression.log
 create mode 100644 docs/design/causal-cjs-batch-fix/baseline-size.json
 create mode 100644 docs/design/causal-cjs-batch-fix/build.log
 create mode 100644 docs/design/causal-cjs-batch-fix/exports.log
 create mode 100644 docs/design/causal-cjs-batch-fix/final-source-check.log
 create mode 100644 docs/design/causal-cjs-batch-fix/import-observations-initial.json
 create mode 100644 docs/design/causal-cjs-batch-fix/import-observations.json
 create mode 100644 docs/design/causal-cjs-batch-fix/lint.log
 create mode 100644 docs/design/causal-cjs-batch-fix/measure-imports.mjs
 create mode 100644 docs/design/causal-cjs-batch-fix/plan.md
 create mode 100644 docs/design/causal-cjs-batch-fix/receipt.json
 create mode 100644 docs/design/causal-cjs-batch-fix/tests.log
 create mode 100644 docs/design/causal-cleanup-segments-v1-implementation/README.md
 create mode 100644 docs/design/causal-cleanup-segments-v1-implementation/analysis.json
 create mode 100644 docs/design/causal-cleanup-segments-v1-implementation/analyze.py
 create mode 100644 docs/design/causal-cleanup-segments-v1-implementation/approval.json
 create mode 100644 docs/design/causal-cleanup-segments-v1-implementation/cpu-python-regression.log
 create mode 100644 docs/design/causal-cleanup-segments-v1-implementation/cpu-regression.log
 create mode 100644 docs/design/causal-cleanup-segments-v1-implementation/dashboard.log
 create mode 100644 docs/design/causal-cleanup-segments-v1-implementation/full-ts-exit.json
 create mode 100644 docs/design/causal-cleanup-segments-v1-implementation/full-ts.log
 create mode 100644 docs/design/causal-cleanup-segments-v1-implementation/independent-verification.json
 create mode 100644 docs/design/causal-cleanup-segments-v1-implementation/lint-exit.json
 create mode 100644 docs/design/causal-cleanup-segments-v1-implementation/lint.log
 create mode 100644 docs/design/causal-cleanup-segments-v1-implementation/loaded-tests.log
 create mode 100644 docs/design/causal-cleanup-segments-v1-implementation/matched-comparisons.csv
 create mode 100644 docs/design/causal-cleanup-segments-v1-implementation/portable-self-verification.json
 create mode 100644 docs/design/causal-cleanup-segments-v1-implementation/portable-verification.json
 create mode 100644 docs/design/causal-cleanup-segments-v1-implementation/preservation-after.json
 create mode 100644 docs/design/causal-cleanup-segments-v1-implementation/preservation-before.json
 create mode 100644 docs/design/causal-cleanup-segments-v1-implementation/private-check-exits.json
 create mode 100644 docs/design/causal-cleanup-segments-v1-implementation/qualification.json
 create mode 100644 docs/design/causal-cleanup-segments-v1-implementation/receipt.json
 create mode 100644 docs/design/causal-cleanup-segments-v1-implementation/review.json
 create mode 100644 docs/design/causal-cleanup-segments-v1-implementation/segment-arithmetic-verification.json
 create mode 100644 docs/design/causal-cleanup-segments-v1-implementation/source-tests.log
 create mode 100644 docs/design/causal-cleanup-segments-v1-implementation/verify-segments.mjs
 create mode 100644 docs/design/causal-cleanup-segments-v1-implementation/workspace.log
 create mode 100644 docs/design/causal-cleanup-segments-v1.check.json
 create mode 100644 docs/design/causal-cleanup-segments-v1.md
 create mode 100644 docs/design/causal-cold-position-pairs-v3-implementation/README.md
 create mode 100644 docs/design/causal-cold-position-pairs-v3-implementation/approval.json
 create mode 100644 docs/design/causal-cold-position-pairs-v3-implementation/governance-authority.log
 create mode 100644 docs/design/causal-cold-position-pairs-v3-implementation/governance-checks.json
 create mode 100644 docs/design/causal-cold-position-pairs-v3-implementation/governance-dashboard.log
 create mode 100644 docs/design/causal-cold-position-pairs-v3-implementation/qualification.json
 create mode 100644 docs/design/causal-cold-position-pairs-v3-implementation/receipt.json
 create mode 100644 docs/design/causal-cold-position-pairs-v3-implementation/reviews.json
 create mode 100644 docs/design/causal-cold-position-pairs-v3-implementation/verifier-result.json
 create mode 100644 docs/design/causal-cold-position-pairs-v3.check.json
 create mode 100644 docs/design/causal-cold-position-pairs-v3.md
 create mode 100644 docs/design/causal-completion-integrated-plan.md
 create mode 100644 docs/design/causal-console-marker-replay-v1/README.md
 create mode 100644 docs/design/causal-console-marker-replay-v1/approval.json
 create mode 100644 docs/design/causal-console-marker-replay-v1/receipt.json
 create mode 100644 docs/design/causal-construction-closeout/README.md
 create mode 100644 docs/design/causal-construction-closeout/artifact.log
 create mode 100644 docs/design/causal-construction-closeout/build.log
 create mode 100644 docs/design/causal-construction-closeout/lint-attempt1.log
 create mode 100644 docs/design/causal-construction-closeout/lint-attempt2-build-overlap.log
 create mode 100644 docs/design/causal-construction-closeout/lint.log
 create mode 100644 docs/design/causal-construction-closeout/mutations.json
 create mode 100644 docs/design/causal-construction-closeout/performance.json
 create mode 100644 docs/design/causal-construction-closeout/receipt.json
 create mode 100644 docs/design/causal-construction-closeout/source-binding.json
 create mode 100644 docs/design/causal-construction-closeout/tests.log
 create mode 100644 docs/design/causal-control-role-crossover-attempt-2/README.md
 create mode 100644 docs/design/causal-control-role-crossover-attempt-2/approval.json
 create mode 100644 docs/design/causal-control-role-crossover-attempt-2/receipt.json
 create mode 100644 docs/design/causal-control-role-crossover-v1-implementation/README.md
 create mode 100644 docs/design/causal-control-role-crossover-v1-implementation/approval.json
 create mode 100644 docs/design/causal-control-role-crossover-v1-implementation/receipt.json
 create mode 100644 docs/design/causal-control-role-crossover-v1.md
 create mode 100644 docs/design/causal-cost-investigation/README.md
 create mode 100644 docs/design/causal-cost-investigation/STATUS.md
 create mode 100644 docs/design/causal-cost-investigation/aligned-capture/.gitignore
 create mode 100644 docs/design/causal-cost-investigation/aligned-capture/README.md
 create mode 100644 docs/design/causal-cost-investigation/aligned-capture/approval.txt
 create mode 100644 docs/design/causal-cost-investigation/aligned-capture/approval.txt.claim.json
 create mode 100644 docs/design/causal-cost-investigation/aligned-capture/receipt.json
 create mode 100644 docs/design/causal-cost-investigation/aligned-capture/summarize.py
 create mode 100644 docs/design/causal-cost-investigation/aligned-capture/summary.json
 create mode 100644 docs/design/causal-cost-investigation/aligned-clock-preparation/.gitignore
 create mode 100644 docs/design/causal-cost-investigation/aligned-clock-preparation/README.md
 create mode 100644 docs/design/causal-cost-investigation/aligned-clock-preparation/apple-header.json
 create mode 100644 docs/design/causal-cost-investigation/aligned-clock-preparation/evidence-index.json
 create mode 100644 docs/design/causal-cost-investigation/aligned-clock-preparation/mach_time.h
 create mode 100644 docs/design/causal-cost-investigation/aligned-clock-preparation/plan.json
 create mode 100644 docs/design/causal-cost-investigation/aligned-clock-preparation/plan.json.claim.json
 create mode 100644 docs/design/causal-cost-investigation/aligned-clock-preparation/platform.json
 create mode 100644 docs/design/causal-cost-investigation/aligned-clock-preparation/probes/00/analysis.json
 create mode 100644 docs/design/causal-cost-investigation/aligned-clock-preparation/probes/00/command.json
 create mode 100644 docs/design/causal-cost-investigation/aligned-clock-preparation/probes/00/exit.json
 create mode 100644 docs/design/causal-cost-investigation/aligned-clock-preparation/probes/00/native-clock.json
 create mode 100644 docs/design/causal-cost-investigation/aligned-clock-preparation/probes/00/probe.json
 create mode 100644 docs/design/causal-cost-investigation/aligned-clock-preparation/probes/00/process.json
 create mode 100644 docs/design/causal-cost-investigation/aligned-clock-preparation/probes/00/profile.json
 create mode 100644 docs/design/causal-cost-investigation/aligned-clock-preparation/probes/00/stderr.log
 create mode 100644 docs/design/causal-cost-investigation/aligned-clock-preparation/probes/00/stdout.log
 create mode 100644 docs/design/causal-cost-investigation/aligned-clock-preparation/probes/result.json
 create mode 100644 docs/design/causal-cost-investigation/aligned-clock-preparation/replay.py
 create mode 100644 docs/design/causal-cost-investigation/aligned-clock-preparation/source-proof.md
 create mode 100644 docs/design/causal-cost-investigation/aligned-clock-preparation/source.tar.gz
 create mode 100644 docs/design/causal-cost-investigation/aligned-clock-preparation/sources.json
 create mode 100644 docs/design/causal-cost-investigation/aligned-clock-preparation/verification.json
 create mode 100644 docs/design/causal-cost-investigation/aligned-runtime-design-check.json
 create mode 100644 docs/design/causal-cost-investigation/aligned-runtime-design.md
 create mode 100644 docs/design/causal-cost-investigation/aligned-tools/.gitignore
 create mode 100644 docs/design/causal-cost-investigation/aligned-tools/README.md
 create mode 100644 docs/design/causal-cost-investigation/aligned-tools/archive-replay.json
 create mode 100644 docs/design/causal-cost-investigation/aligned-tools/artifact-index.json
 create mode 100644 docs/design/causal-cost-investigation/aligned-tools/checks.json
 create mode 100644 docs/design/causal-cost-investigation/aligned-tools/frozen-verifier-smoke.json
 create mode 100644 docs/design/causal-cost-investigation/aligned-tools/prepared.tar.gz
 create mode 100644 docs/design/causal-cost-investigation/aligned-tools/qualification.json
 create mode 100644 docs/design/causal-cost-investigation/aligned-tools/verification.json
 create mode 100644 docs/design/causal-cost-investigation/analyze-profile.py
 create mode 100644 docs/design/causal-cost-investigation/anchor-clock-preparation/README.md
 create mode 100644 docs/design/causal-cost-investigation/anchor-clock-preparation/evidence-index.json
 create mode 100644 docs/design/causal-cost-investigation/anchor-clock-preparation/frozen-inputs.tar.gz
 create mode 100644 docs/design/causal-cost-investigation/anchor-clock-preparation/plan.json
 create mode 100644 docs/design/causal-cost-investigation/anchor-clock-preparation/plan.json.claim.json
 create mode 100644 docs/design/causal-cost-investigation/anchor-clock-preparation/pre-execution.md
 create mode 100644 docs/design/causal-cost-investigation/anchor-clock-preparation/probes/00/analysis.json
 create mode 100644 docs/design/causal-cost-investigation/anchor-clock-preparation/probes/00/command.json
 create mode 100644 docs/design/causal-cost-investigation/anchor-clock-preparation/probes/00/exit.json
 create mode 100644 docs/design/causal-cost-investigation/anchor-clock-preparation/probes/00/native-clock.json
 create mode 100644 docs/design/causal-cost-investigation/anchor-clock-preparation/probes/00/probe.json
 create mode 100644 docs/design/causal-cost-investigation/anchor-clock-preparation/probes/00/process.json
 create mode 100644 docs/design/causal-cost-investigation/anchor-clock-preparation/probes/00/profile.json
 create mode 100644 docs/design/causal-cost-investigation/anchor-clock-preparation/probes/00/stderr.log
 create mode 100644 docs/design/causal-cost-investigation/anchor-clock-preparation/probes/00/stdout.log
 create mode 100644 docs/design/causal-cost-investigation/anchor-clock-preparation/probes/01/analysis.json
 create mode 100644 docs/design/causal-cost-investigation/anchor-clock-preparation/probes/01/command.json
 create mode 100644 docs/design/causal-cost-investigation/anchor-clock-preparation/probes/01/exit.json
 create mode 100644 docs/design/causal-cost-investigation/anchor-clock-preparation/probes/01/native-clock.json
 create mode 100644 docs/design/causal-cost-investigation/anchor-clock-preparation/probes/01/probe.json
 create mode 100644 docs/design/causal-cost-investigation/anchor-clock-preparation/probes/01/process.json
 create mode 100644 docs/design/causal-cost-investigation/anchor-clock-preparation/probes/01/profile.json
 create mode 100644 docs/design/causal-cost-investigation/anchor-clock-preparation/probes/01/stderr.log
 create mode 100644 docs/design/causal-cost-investigation/anchor-clock-preparation/probes/01/stdout.log
 create mode 100644 docs/design/causal-cost-investigation/anchor-clock-preparation/probes/02/analysis.json
 create mode 100644 docs/design/causal-cost-investigation/anchor-clock-preparation/probes/02/command.json
 create mode 100644 docs/design/causal-cost-investigation/anchor-clock-preparation/probes/02/exit.json
 create mode 100644 docs/design/causal-cost-investigation/anchor-clock-preparation/probes/02/native-clock.json
 create mode 100644 docs/design/causal-cost-investigation/anchor-clock-preparation/probes/02/probe.json
 create mode 100644 docs/design/causal-cost-investigation/anchor-clock-preparation/probes/02/process.json
 create mode 100644 docs/design/causal-cost-investigation/anchor-clock-preparation/probes/02/profile.json
 create mode 100644 docs/design/causal-cost-investigation/anchor-clock-preparation/probes/02/stderr.log
 create mode 100644 docs/design/causal-cost-investigation/anchor-clock-preparation/probes/02/stdout.log
 create mode 100644 docs/design/causal-cost-investigation/anchor-clock-preparation/probes/03/analysis.json
 create mode 100644 docs/design/causal-cost-investigation/anchor-clock-preparation/probes/03/command.json
 create mode 100644 docs/design/causal-cost-investigation/anchor-clock-preparation/probes/03/exit.json
 create mode 100644 docs/design/causal-cost-investigation/anchor-clock-preparation/probes/03/native-clock.json
 create mode 100644 docs/design/causal-cost-investigation/anchor-clock-preparation/probes/03/probe.json
 create mode 100644 docs/design/causal-cost-investigation/anchor-clock-preparation/probes/03/process.json
 create mode 100644 docs/design/causal-cost-investigation/anchor-clock-preparation/probes/03/stderr.log
 create mode 100644 docs/design/causal-cost-investigation/anchor-clock-preparation/probes/03/stdout.log
 create mode 100644 docs/design/causal-cost-investigation/anchor-clock-preparation/probes/result.json
 create mode 100644 docs/design/causal-cost-investigation/anchor-clock-preparation/probes/timebase.json
 create mode 100644 docs/design/causal-cost-investigation/anchor-clock-preparation/replay.py
 create mode 100644 docs/design/causal-cost-investigation/anchor-clock-preparation/verification.json
 create mode 100644 docs/design/causal-cost-investigation/authority.log
 create mode 100644 docs/design/causal-cost-investigation/baseline-receipt.json
 create mode 100644 docs/design/causal-cost-investigation/caller-attribution.json
 create mode 100644 docs/design/causal-cost-investigation/candidate-review/README.md
 create mode 100644 docs/design/causal-cost-investigation/candidate-review/analyze.py
 create mode 100644 docs/design/causal-cost-investigation/candidate-review/authority.log
 create mode 100644 docs/design/causal-cost-investigation/candidate-review/dashboard.log
 create mode 100644 docs/design/causal-cost-investigation/candidate-review/partition.json
 create mode 100644 docs/design/causal-cost-investigation/candidate-review/preservation.json
 create mode 100644 docs/design/causal-cost-investigation/candidate-review/receipt.json
 create mode 100644 docs/design/causal-cost-investigation/clock-anchor-design/README.md
 create mode 100644 docs/design/causal-cost-investigation/clock-anchor-design/arithmetic.json
 create mode 100644 docs/design/causal-cost-investigation/clock-anchor-design/check.py
 create mode 100644 docs/design/causal-cost-investigation/clock-anchor-design/node_process-inl.h
 create mode 100644 docs/design/causal-cost-investigation/clock-anchor-design/node_process.h
 create mode 100644 docs/design/causal-cost-investigation/clock-anchor-design/per_thread.js
 create mode 100644 docs/design/causal-cost-investigation/clock-anchor-design/sources.json
 create mode 100644 docs/design/causal-cost-investigation/comparison-proof/authority.log
 create mode 100644 docs/design/causal-cost-investigation/comparison-proof/corrected-counts.json
 create mode 100644 docs/design/causal-cost-investigation/comparison-proof/count-lint-v1.mjs
 create mode 100644 docs/design/causal-cost-investigation/comparison-proof/count.mjs
 create mode 100644 docs/design/causal-cost-investigation/comparison-proof/dashboard.log
 create mode 100644 docs/design/causal-cost-investigation/comparison-proof/exit.json
 create mode 100644 docs/design/causal-cost-investigation/comparison-proof/instrumentation.json
 create mode 100644 docs/design/causal-cost-investigation/comparison-proof/instrumentation.patch
 create mode 100644 docs/design/causal-cost-investigation/comparison-proof/partial-counts.jsonl
 create mode 100644 docs/design/causal-cost-investigation/comparison-proof/prepare-run.py
 create mode 100644 docs/design/causal-cost-investigation/comparison-proof/preservation.json
 create mode 100644 docs/design/causal-cost-investigation/comparison-proof/receipt.json
 create mode 100644 docs/design/causal-cost-investigation/comparison-proof/remaining-exit.json
 create mode 100644 docs/design/causal-cost-investigation/comparison-proof/remaining-lint-v1.mjs
 create mode 100644 docs/design/causal-cost-investigation/comparison-proof/remaining-result.json
 create mode 100644 docs/design/causal-cost-investigation/comparison-proof/remaining-stderr.log
 create mode 100644 docs/design/causal-cost-investigation/comparison-proof/remaining-stdout.log
 create mode 100644 docs/design/causal-cost-investigation/comparison-proof/remaining.mjs
 create mode 100644 docs/design/causal-cost-investigation/comparison-proof/review.md
 create mode 100644 docs/design/causal-cost-investigation/comparison-proof/stderr.log
 create mode 100644 docs/design/causal-cost-investigation/comparison-proof/stdout.log
 create mode 100644 docs/design/causal-cost-investigation/comparison-proof/verification.json
 create mode 100644 docs/design/causal-cost-investigation/dashboard.log
 create mode 100644 docs/design/causal-cost-investigation/dependency-comparison-capture/README.md
 create mode 100644 docs/design/causal-cost-investigation/dependency-comparison-capture/archive-replay.json
 create mode 100644 docs/design/causal-cost-investigation/dependency-comparison-capture/authority-check.log
 create mode 100644 docs/design/causal-cost-investigation/dependency-comparison-capture/authorization-context.json
 create mode 100644 docs/design/causal-cost-investigation/dependency-comparison-capture/collector-exit.json
 create mode 100644 docs/design/causal-cost-investigation/dependency-comparison-capture/collector.log
 create mode 100644 docs/design/causal-cost-investigation/dependency-comparison-capture/dashboard-check.log
 create mode 100644 docs/design/causal-cost-investigation/dependency-comparison-capture/report.json
 create mode 100644 docs/design/causal-cost-investigation/dependency-comparison-capture/runtime-preflight.json
 create mode 100644 docs/design/causal-cost-investigation/dependency-comparison-capture/runtime-review.md
 create mode 100644 docs/design/causal-cost-investigation/dependency-comparison-tools/.gitignore
 create mode 100644 docs/design/causal-cost-investigation/dependency-comparison-tools/PLAN.md
 create mode 100644 docs/design/causal-cost-investigation/dependency-comparison-tools/README.md
 create mode 100644 docs/design/causal-cost-investigation/dependency-comparison-tools/approval.example.json
 create mode 100644 docs/design/causal-cost-investigation/dependency-comparison-tools/approval.json
 create mode 100644 docs/design/causal-cost-investigation/dependency-comparison-tools/build-lint-v1.mjs
 create mode 100644 docs/design/causal-cost-investigation/dependency-comparison-tools/build.mjs
 create mode 100644 docs/design/causal-cost-investigation/dependency-comparison-tools/capture-claim.json
 create mode 100644 docs/design/causal-cost-investigation/dependency-comparison-tools/checks/archive-replay.log
 create mode 100644 docs/design/causal-cost-investigation/dependency-comparison-tools/checks/collector.log
 create mode 100644 docs/design/causal-cost-investigation/dependency-comparison-tools/checks/driver.log
 create mode 100644 docs/design/causal-cost-investigation/dependency-comparison-tools/checks/failures.log
 create mode 100644 docs/design/causal-cost-investigation/dependency-comparison-tools/checks/pipeline.log
 create mode 100644 docs/design/causal-cost-investigation/dependency-comparison-tools/checks/qualification.json
 create mode 100644 docs/design/causal-cost-investigation/dependency-comparison-tools/checks/verifier.log
 create mode 100644 docs/design/causal-cost-investigation/dependency-comparison-tools/child.mjs
 create mode 100644 docs/design/causal-cost-investigation/dependency-comparison-tools/collect.py
 create mode 100644 docs/design/causal-cost-investigation/dependency-comparison-tools/continuity.py
 create mode 100644 docs/design/causal-cost-investigation/dependency-comparison-tools/driver.mjs
 create mode 100644 docs/design/causal-cost-investigation/dependency-comparison-tools/fake_runtime.py
 create mode 100644 docs/design/causal-cost-investigation/dependency-comparison-tools/freeze.py
 create mode 100644 docs/design/causal-cost-investigation/dependency-comparison-tools/prepare.py
 create mode 100644 docs/design/causal-cost-investigation/dependency-comparison-tools/test_collector.py
 create mode 100644 docs/design/causal-cost-investigation/dependency-comparison-tools/test_driver.mjs
 create mode 100644 docs/design/causal-cost-investigation/dependency-comparison-tools/test_failures.py
 create mode 100644 docs/design/causal-cost-investigation/dependency-comparison-tools/test_pipeline.py
 create mode 100644 docs/design/causal-cost-investigation/dependency-comparison-tools/test_verify.py
 create mode 100644 docs/design/causal-cost-investigation/dependency-comparison-tools/verify.py
 create mode 100644 docs/design/causal-cost-investigation/dependency-initialization-implementation/README.md
 create mode 100644 docs/design/causal-cost-investigation/dependency-initialization-implementation/comparison-plan.md
 create mode 100644 docs/design/causal-cost-investigation/dependency-initialization-implementation/receipt.json
 create mode 100644 docs/design/causal-cost-investigation/dependency-initialization-implementation/source-binding.json
 create mode 100644 docs/design/causal-cost-investigation/dependency-initialization-review/README.md
 create mode 100644 docs/design/causal-cost-investigation/dependency-initialization-review/source-binding.json
 create mode 100644 docs/design/causal-cost-investigation/dependency-measurement-design/README.md
 create mode 100644 docs/design/causal-cost-investigation/dependency-measurement-design/design-check.json
 create mode 100644 docs/design/causal-cost-investigation/dependency-order-audit/README.md
 create mode 100644 docs/design/causal-cost-investigation/dependency-order-audit/analysis.json
 create mode 100644 docs/design/causal-cost-investigation/dependency-order-audit/analyze.py
 create mode 100644 docs/design/causal-cost-investigation/diagnostic-capture/README.md
 create mode 100644 docs/design/causal-cost-investigation/diagnostic-capture/analysis.json
 create mode 100644 docs/design/causal-cost-investigation/diagnostic-capture/approval.txt
 create mode 100644 docs/design/causal-cost-investigation/diagnostic-capture/approval.txt.claim.json
 create mode 100644 docs/design/causal-cost-investigation/diagnostic-capture/archive-replay.json
 create mode 100644 docs/design/causal-cost-investigation/diagnostic-capture/capture-exit.json
 create mode 100644 docs/design/causal-cost-investigation/diagnostic-capture/capture-output.txt
 create mode 100644 docs/design/causal-cost-investigation/diagnostic-capture/command.json
 create mode 100644 docs/design/causal-cost-investigation/diagnostic-capture/preservation-before.json
 create mode 100644 docs/design/causal-cost-investigation/diagnostic-capture/receipt.json
 create mode 100644 docs/design/causal-cost-investigation/diagnostic-capture/summarize.py
 create mode 100644 docs/design/causal-cost-investigation/diagnostic-capture/summary.json
 create mode 100644 docs/design/causal-cost-investigation/diagnostic-capture/verification.json
 create mode 100644 docs/design/causal-cost-investigation/diagnostic-tools/README.md
 create mode 100644 docs/design/causal-cost-investigation/diagnostic-tools/adapterQualification-r2.json
 create mode 100644 docs/design/causal-cost-investigation/diagnostic-tools/adapterQualification.json
 create mode 100644 docs/design/causal-cost-investigation/diagnostic-tools/archive-replay.json
 create mode 100644 docs/design/causal-cost-investigation/diagnostic-tools/final-adapter-plan.json
 create mode 100644 docs/design/causal-cost-investigation/diagnostic-tools/final-adapter-result.json
 create mode 100644 docs/design/causal-cost-investigation/diagnostic-tools/qualification-logs.json
 create mode 100644 docs/design/causal-cost-investigation/diagnostic-tools/qualification-plan.json
 create mode 100644 docs/design/causal-cost-investigation/diagnostic-tools/qualification.json
 create mode 100644 docs/design/causal-cost-investigation/diagnostic-tools/review.md
 create mode 100644 docs/design/causal-cost-investigation/diagnostic-tools/toolProbe.json
 create mode 100644 docs/design/causal-cost-investigation/diagnostic-tools/verification.json
 create mode 100644 docs/design/causal-cost-investigation/fixed-workload-diagnostic.md
 create mode 100644 docs/design/causal-cost-investigation/followup-audit/README.md
 create mode 100644 docs/design/causal-cost-investigation/followup-audit/analyze.py
 create mode 100644 docs/design/causal-cost-investigation/followup-audit/phase-shares.json
 create mode 100644 docs/design/causal-cost-investigation/followup-audit/verification.json
 create mode 100644 docs/design/causal-cost-investigation/implementation-preparation/README.md
 create mode 100644 docs/design/causal-cost-investigation/implementation-preparation/authority.log
 create mode 100644 docs/design/causal-cost-investigation/implementation-preparation/binding.json
 create mode 100644 docs/design/causal-cost-investigation/implementation-preparation/dashboard.log
 create mode 100644 docs/design/causal-cost-investigation/implementation-preparation/preservation.json
 create mode 100644 docs/design/causal-cost-investigation/implementation-preparation/probe-lint-v1.mjs
 create mode 100644 docs/design/causal-cost-investigation/implementation-preparation/probe.mjs
 create mode 100644 docs/design/causal-cost-investigation/implementation-preparation/receipt.json
 create mode 100644 docs/design/causal-cost-investigation/implementation-preparation/result.json
 create mode 100644 docs/design/causal-cost-investigation/implementation-preparation/source-hashes.json
 create mode 100644 docs/design/causal-cost-investigation/implementation-preparation/stderr.log
 create mode 100644 docs/design/causal-cost-investigation/implementation-preparation/stdout.log
 create mode 100644 docs/design/causal-cost-investigation/implementation/README.md
 create mode 100644 docs/design/causal-cost-investigation/implementation/artifacts.log
 create mode 100644 docs/design/causal-cost-investigation/implementation/authority.log
 create mode 100644 docs/design/causal-cost-investigation/implementation/browser-smoke.log
 create mode 100644 docs/design/causal-cost-investigation/implementation/build.log
 create mode 100644 docs/design/causal-cost-investigation/implementation/checks.json
 create mode 100644 docs/design/causal-cost-investigation/implementation/comparison-final.log
 create mode 100644 docs/design/causal-cost-investigation/implementation/comparison.log
 create mode 100644 docs/design/causal-cost-investigation/implementation/dashboard.log
 create mode 100644 docs/design/causal-cost-investigation/implementation/final-static-checks.json
 create mode 100644 docs/design/causal-cost-investigation/implementation/lint-diagnostics.json
 create mode 100644 docs/design/causal-cost-investigation/implementation/lint-existing.json
 create mode 100644 docs/design/causal-cost-investigation/implementation/lint-final.log
 create mode 100644 docs/design/causal-cost-investigation/implementation/lint.log
 create mode 100644 docs/design/causal-cost-investigation/implementation/no-raw-async.log
 create mode 100644 docs/design/causal-cost-investigation/implementation/preservation.json
 create mode 100644 docs/design/causal-cost-investigation/implementation/qualification-final.json
 create mode 100644 docs/design/causal-cost-investigation/implementation/qualification-final.log
 create mode 100644 docs/design/causal-cost-investigation/implementation/qualification.json
 create mode 100644 docs/design/causal-cost-investigation/implementation/qualification.log
 create mode 100644 docs/design/causal-cost-investigation/implementation/receipt.json
 create mode 100644 docs/design/causal-cost-investigation/implementation/reruns.jsonl
 create mode 100644 docs/design/causal-cost-investigation/implementation/review.md
 create mode 100644 docs/design/causal-cost-investigation/implementation/root-soak.log
 create mode 100644 docs/design/causal-cost-investigation/implementation/scoped-format.log
 create mode 100644 docs/design/causal-cost-investigation/implementation/source-hashes.json
 create mode 100644 docs/design/causal-cost-investigation/implementation/test-typecheck-final.log
 create mode 100644 docs/design/causal-cost-investigation/implementation/test-typecheck.log
 create mode 100644 docs/design/causal-cost-investigation/implementation/tests-final.log
 create mode 100644 docs/design/causal-cost-investigation/implementation/tests.log
 create mode 100644 docs/design/causal-cost-investigation/implementation/typecheck-final.log
 create mode 100644 docs/design/causal-cost-investigation/implementation/typecheck.log
 create mode 100644 docs/design/causal-cost-investigation/performance-comparison/PLAN.md
 create mode 100644 docs/design/causal-cost-investigation/performance-comparison/README.md
 create mode 100644 docs/design/causal-cost-investigation/performance-comparison/approval.json
 create mode 100644 docs/design/causal-cost-investigation/performance-comparison/archive-replay.log
 create mode 100644 docs/design/causal-cost-investigation/performance-comparison/build-lint-v1.mjs
 create mode 100644 docs/design/causal-cost-investigation/performance-comparison/build.mjs
 create mode 100644 docs/design/causal-cost-investigation/performance-comparison/capture.log
 create mode 100644 docs/design/causal-cost-investigation/performance-comparison/child.mjs
 create mode 100644 docs/design/causal-cost-investigation/performance-comparison/collect.py
 create mode 100644 docs/design/causal-cost-investigation/performance-comparison/collector-qualification.log
 create mode 100644 docs/design/causal-cost-investigation/performance-comparison/continuation-capture.log
 create mode 100644 docs/design/causal-cost-investigation/performance-comparison/continuation-qualification.json
 create mode 100644 docs/design/causal-cost-investigation/performance-comparison/continuation.json
 create mode 100644 docs/design/causal-cost-investigation/performance-comparison/continue_capture.py
 create mode 100644 docs/design/causal-cost-investigation/performance-comparison/driver-qualification.log
 create mode 100644 docs/design/causal-cost-investigation/performance-comparison/driver.mjs
 create mode 100644 docs/design/causal-cost-investigation/performance-comparison/final-review.md
 create mode 100644 docs/design/causal-cost-investigation/performance-comparison/phase-results.csv
 create mode 100644 docs/design/causal-cost-investigation/performance-comparison/prepare.py
 create mode 100644 docs/design/causal-cost-investigation/performance-comparison/preservation.json
 create mode 100644 docs/design/causal-cost-investigation/performance-comparison/qualification.json
 create mode 100644 docs/design/causal-cost-investigation/performance-comparison/receipt.json
 create mode 100644 docs/design/causal-cost-investigation/performance-comparison/replay.py
 create mode 100644 docs/design/causal-cost-investigation/performance-comparison/retained-first-child-verification.json
 create mode 100644 docs/design/causal-cost-investigation/performance-comparison/reused-boundary-qualification.log
 create mode 100644 docs/design/causal-cost-investigation/performance-comparison/review.md
 create mode 100644 docs/design/causal-cost-investigation/performance-comparison/summary.json
 create mode 100644 docs/design/causal-cost-investigation/performance-comparison/system-env-probe.json
 create mode 100644 docs/design/causal-cost-investigation/performance-comparison/test_collector.py
 create mode 100644 docs/design/causal-cost-investigation/performance-comparison/test_driver.mjs
 create mode 100644 docs/design/causal-cost-investigation/performance-comparison/test_verify.py
 create mode 100644 docs/design/causal-cost-investigation/performance-comparison/verifier-qualification.log
 create mode 100644 docs/design/causal-cost-investigation/performance-comparison/verify.py
 create mode 100644 docs/design/causal-cost-investigation/performance-comparison/verify_continuation.py
 create mode 100644 docs/design/causal-cost-investigation/preservation.json
 create mode 100644 docs/design/causal-cost-investigation/recording-capture/README.md
 create mode 100644 docs/design/causal-cost-investigation/recording-capture/analysis.json
 create mode 100644 docs/design/causal-cost-investigation/recording-capture/approval.txt
 create mode 100644 docs/design/causal-cost-investigation/recording-capture/approval.txt.claim.json
 create mode 100644 docs/design/causal-cost-investigation/recording-capture/archive-replay.json
 create mode 100644 docs/design/causal-cost-investigation/recording-capture/capture-exit.json
 create mode 100644 docs/design/causal-cost-investigation/recording-capture/capture-output.txt
 create mode 100644 docs/design/causal-cost-investigation/recording-capture/command.json
 create mode 100644 docs/design/causal-cost-investigation/recording-capture/preservation-before.json
 create mode 100644 docs/design/causal-cost-investigation/recording-capture/receipt.json
 create mode 100644 docs/design/causal-cost-investigation/recording-capture/summarize.py
 create mode 100644 docs/design/causal-cost-investigation/recording-capture/summary.json
 create mode 100644 docs/design/causal-cost-investigation/recording-capture/verification.json
 create mode 100644 docs/design/causal-cost-investigation/recording-intervention.md
 create mode 100644 docs/design/causal-cost-investigation/recording-tools/README.md
 create mode 100644 docs/design/causal-cost-investigation/recording-tools/archive-replay.json
 create mode 100644 docs/design/causal-cost-investigation/recording-tools/check-0.txt
 create mode 100644 docs/design/causal-cost-investigation/recording-tools/check-1.txt
 create mode 100644 docs/design/causal-cost-investigation/recording-tools/check-2.txt
 create mode 100644 docs/design/causal-cost-investigation/recording-tools/check-3.txt
 create mode 100644 docs/design/causal-cost-investigation/recording-tools/check-4.txt
 create mode 100644 docs/design/causal-cost-investigation/recording-tools/check-5.txt
 create mode 100644 docs/design/causal-cost-investigation/recording-tools/check-6.json
 create mode 100644 docs/design/causal-cost-investigation/recording-tools/checks.json
 create mode 100644 docs/design/causal-cost-investigation/recording-tools/preparation.json
 create mode 100644 docs/design/causal-cost-investigation/recording-tools/qualification.json
 create mode 100644 docs/design/causal-cost-investigation/recording-tools/review.md
 create mode 100644 docs/design/causal-cost-investigation/recording-tools/verification.json
 create mode 100644 docs/design/causal-cost-investigation/retained-runtime-audit/README.md
 create mode 100644 docs/design/causal-cost-investigation/retained-runtime-audit/analyze.py
 create mode 100644 docs/design/causal-cost-investigation/retained-runtime-audit/report.json
 create mode 100644 docs/design/causal-cost-investigation/retained-runtime-audit/verification.json
 create mode 100644 docs/design/causal-cost-investigation/single-version-capture/README.md
 create mode 100644 docs/design/causal-cost-investigation/single-version-capture/archive-replay.json
 create mode 100644 docs/design/causal-cost-investigation/single-version-capture/authorization-context.json
 create mode 100644 docs/design/causal-cost-investigation/single-version-capture/collector-exit.json
 create mode 100644 docs/design/causal-cost-investigation/single-version-capture/collector.log
 create mode 100644 docs/design/causal-cost-investigation/single-version-capture/failure-audit.json
 create mode 100644 docs/design/causal-cost-investigation/single-version-capture/report.json
 create mode 100644 docs/design/causal-cost-investigation/single-version-rss-capture/README.md
 create mode 100644 docs/design/causal-cost-investigation/single-version-rss-capture/archive-replay.json
 create mode 100644 docs/design/causal-cost-investigation/single-version-rss-capture/authorization-context.json
 create mode 100644 docs/design/causal-cost-investigation/single-version-rss-capture/collector-exit.json
 create mode 100644 docs/design/causal-cost-investigation/single-version-rss-capture/collector.log
 create mode 100644 docs/design/causal-cost-investigation/single-version-rss-capture/report.json
 create mode 100644 docs/design/causal-cost-investigation/single-version-rss-tools/.gitignore
 create mode 100644 docs/design/causal-cost-investigation/single-version-rss-tools/README.md
 create mode 100644 docs/design/causal-cost-investigation/single-version-rss-tools/RSS-POLICY.md
 create mode 100644 docs/design/causal-cost-investigation/single-version-rss-tools/approval.example.json
 create mode 100644 docs/design/causal-cost-investigation/single-version-rss-tools/approval.json
 create mode 100644 docs/design/causal-cost-investigation/single-version-rss-tools/capture-claim.json
 create mode 100644 docs/design/causal-cost-investigation/single-version-rss-tools/checks/archive-replay.json
 create mode 100644 docs/design/causal-cost-investigation/single-version-rss-tools/checks/child.log
 create mode 100644 docs/design/causal-cost-investigation/single-version-rss-tools/checks/failures.log
 create mode 100644 docs/design/causal-cost-investigation/single-version-rss-tools/checks/pipeline.log
 create mode 100644 docs/design/causal-cost-investigation/single-version-rss-tools/checks/rss.log
 create mode 100644 docs/design/causal-cost-investigation/single-version-rss-tools/child-lint-v1.mjs
 create mode 100644 docs/design/causal-cost-investigation/single-version-rss-tools/child.mjs
 create mode 100644 docs/design/causal-cost-investigation/single-version-rss-tools/collect.py
 create mode 100644 docs/design/causal-cost-investigation/single-version-rss-tools/continuity.py
 create mode 100644 docs/design/causal-cost-investigation/single-version-rss-tools/driver-lint-v1.mjs
 create mode 100644 docs/design/causal-cost-investigation/single-version-rss-tools/driver.mjs
 create mode 100644 docs/design/causal-cost-investigation/single-version-rss-tools/fake_runtime.py
 create mode 100644 docs/design/causal-cost-investigation/single-version-rss-tools/freeze.py
 create mode 100644 docs/design/causal-cost-investigation/single-version-rss-tools/test_child-lint-v1.mjs
 create mode 100644 docs/design/causal-cost-investigation/single-version-rss-tools/test_child.mjs
 create mode 100644 docs/design/causal-cost-investigation/single-version-rss-tools/test_failures.py
 create mode 100644 docs/design/causal-cost-investigation/single-version-rss-tools/test_pipeline.py
 create mode 100644 docs/design/causal-cost-investigation/single-version-rss-tools/test_rss.py
 create mode 100644 docs/design/causal-cost-investigation/single-version-rss-tools/verify.py
 create mode 100644 docs/design/causal-cost-investigation/single-version-rss-v2-capture/README.md
 create mode 100644 docs/design/causal-cost-investigation/single-version-rss-v2-capture/archive-replay.json
 create mode 100644 docs/design/causal-cost-investigation/single-version-rss-v2-capture/authorization-context.json
 create mode 100644 docs/design/causal-cost-investigation/single-version-rss-v2-capture/collector-exit.json
 create mode 100644 docs/design/causal-cost-investigation/single-version-rss-v2-capture/collector.log
 create mode 100644 docs/design/causal-cost-investigation/single-version-rss-v2-capture/report.json
 create mode 100644 docs/design/causal-cost-investigation/single-version-rss-v2-tools/.gitignore
 create mode 100644 docs/design/causal-cost-investigation/single-version-rss-v2-tools/README.md
 create mode 100644 docs/design/causal-cost-investigation/single-version-rss-v2-tools/RSS-POLICY.md
 create mode 100644 docs/design/causal-cost-investigation/single-version-rss-v2-tools/approval.example.json
 create mode 100644 docs/design/causal-cost-investigation/single-version-rss-v2-tools/approval.json
 create mode 100644 docs/design/causal-cost-investigation/single-version-rss-v2-tools/capture-claim.json
 create mode 100644 docs/design/causal-cost-investigation/single-version-rss-v2-tools/checks/archive-replay.json
 create mode 100644 docs/design/causal-cost-investigation/single-version-rss-v2-tools/checks/child.log
 create mode 100644 docs/design/causal-cost-investigation/single-version-rss-v2-tools/checks/failures.log
 create mode 100644 docs/design/causal-cost-investigation/single-version-rss-v2-tools/checks/pipeline.log
 create mode 100644 docs/design/causal-cost-investigation/single-version-rss-v2-tools/checks/rss.log
 create mode 100644 docs/design/causal-cost-investigation/single-version-rss-v2-tools/child-lint-v1.mjs
 create mode 100644 docs/design/causal-cost-investigation/single-version-rss-v2-tools/child.mjs
 create mode 100644 docs/design/causal-cost-investigation/single-version-rss-v2-tools/collect.py
 create mode 100644 docs/design/causal-cost-investigation/single-version-rss-v2-tools/continuity.py
 create mode 100644 docs/design/causal-cost-investigation/single-version-rss-v2-tools/driver-lint-v1.mjs
 create mode 100644 docs/design/causal-cost-investigation/single-version-rss-v2-tools/driver.mjs
 create mode 100644 docs/design/causal-cost-investigation/single-version-rss-v2-tools/fake_runtime.py
 create mode 100644 docs/design/causal-cost-investigation/single-version-rss-v2-tools/freeze.py
 create mode 100644 docs/design/causal-cost-investigation/single-version-rss-v2-tools/test_child-lint-v1.mjs
 create mode 100644 docs/design/causal-cost-investigation/single-version-rss-v2-tools/test_child.mjs
 create mode 100644 docs/design/causal-cost-investigation/single-version-rss-v2-tools/test_failures.py
 create mode 100644 docs/design/causal-cost-investigation/single-version-rss-v2-tools/test_pipeline.py
 create mode 100644 docs/design/causal-cost-investigation/single-version-rss-v2-tools/test_rss.py
 create mode 100644 docs/design/causal-cost-investigation/single-version-rss-v2-tools/verify.py
 create mode 100644 docs/design/causal-cost-investigation/single-version-tools/.gitignore
 create mode 100644 docs/design/causal-cost-investigation/single-version-tools/README.md
 create mode 100644 docs/design/causal-cost-investigation/single-version-tools/approval.example.json
 create mode 100644 docs/design/causal-cost-investigation/single-version-tools/approval.json
 create mode 100644 docs/design/causal-cost-investigation/single-version-tools/capture-claim.json
 create mode 100644 docs/design/causal-cost-investigation/single-version-tools/checks/archive-replay.json
 create mode 100644 docs/design/causal-cost-investigation/single-version-tools/checks/child.log
 create mode 100644 docs/design/causal-cost-investigation/single-version-tools/checks/failures.log
 create mode 100644 docs/design/causal-cost-investigation/single-version-tools/checks/pipeline.log
 create mode 100644 docs/design/causal-cost-investigation/single-version-tools/checks/review.md
 create mode 100644 docs/design/causal-cost-investigation/single-version-tools/child-lint-v1.mjs
 create mode 100644 docs/design/causal-cost-investigation/single-version-tools/child.mjs
 create mode 100644 docs/design/causal-cost-investigation/single-version-tools/collect.py
 create mode 100644 docs/design/causal-cost-investigation/single-version-tools/continuity.py
 create mode 100644 docs/design/causal-cost-investigation/single-version-tools/driver-lint-v1.mjs
 create mode 100644 docs/design/causal-cost-investigation/single-version-tools/driver.mjs
 create mode 100644 docs/design/causal-cost-investigation/single-version-tools/fake_runtime.py
 create mode 100644 docs/design/causal-cost-investigation/single-version-tools/freeze.py
 create mode 100644 docs/design/causal-cost-investigation/single-version-tools/prepare.py
 create mode 100644 docs/design/causal-cost-investigation/single-version-tools/test_child-lint-v1.mjs
 create mode 100644 docs/design/causal-cost-investigation/single-version-tools/test_child.mjs
 create mode 100644 docs/design/causal-cost-investigation/single-version-tools/test_failures.py
 create mode 100644 docs/design/causal-cost-investigation/single-version-tools/test_pipeline.py
 create mode 100644 docs/design/causal-cost-investigation/single-version-tools/verify.py
 create mode 100644 docs/design/causal-cost-investigation/soak-timeout-audit/README.md
 create mode 100644 docs/design/causal-cost-investigation/soak-timeout-audit/receipt.json
 create mode 100644 docs/design/causal-cost-investigation/soak-timeout-audit/source-binding.json
 create mode 100644 docs/design/causal-cost-investigation/soak-timeout-audit/verification.json
 create mode 100644 docs/design/causal-cost-investigation/source-check.json
 create mode 100644 docs/design/causal-cost-investigation/source-readiness/README.md
 create mode 100644 docs/design/causal-cost-investigation/source-readiness/bind-lint-v1.mjs
 create mode 100644 docs/design/causal-cost-investigation/source-readiness/bind.mjs
 create mode 100644 docs/design/causal-cost-investigation/source-readiness/compare.py
 create mode 100644 docs/design/causal-cost-investigation/source-readiness/retained-source-comparison.json
 create mode 100644 docs/design/causal-cost-investigation/source-readiness/source-manifest.json
 create mode 100644 docs/design/causal-cost-investigation/source-readiness/verification.json
 create mode 100644 docs/design/causal-coverage-key/README.md
 create mode 100644 docs/design/causal-coverage-key/mutations.json
 create mode 100644 docs/design/causal-coverage-key/negative-verification.json
 create mode 100644 docs/design/causal-coverage-key/receipt.json
 create mode 100644 docs/design/causal-coverage-key/summary.json
 create mode 100644 docs/design/causal-cpu-wall-diagnostic-v1-implementation/README.md
 create mode 100644 docs/design/causal-cpu-wall-diagnostic-v1-implementation/analysis.json
 create mode 100644 docs/design/causal-cpu-wall-diagnostic-v1-implementation/analyze.py
 create mode 100644 docs/design/causal-cpu-wall-diagnostic-v1-implementation/approval.json
 create mode 100644 docs/design/causal-cpu-wall-diagnostic-v1-implementation/closure-checks.json
 create mode 100644 docs/design/causal-cpu-wall-diagnostic-v1-implementation/event-coverage.json
 create mode 100644 docs/design/causal-cpu-wall-diagnostic-v1-implementation/independent-verification.json
 create mode 100644 docs/design/causal-cpu-wall-diagnostic-v1-implementation/lint-result.json
 create mode 100644 docs/design/causal-cpu-wall-diagnostic-v1-implementation/matched-comparisons.csv
 create mode 100644 docs/design/causal-cpu-wall-diagnostic-v1-implementation/offline-results.json
 create mode 100644 docs/design/causal-cpu-wall-diagnostic-v1-implementation/portable-self-verification.json
 create mode 100644 docs/design/causal-cpu-wall-diagnostic-v1-implementation/portable-verification.json
 create mode 100644 docs/design/causal-cpu-wall-diagnostic-v1-implementation/preservation-after.json
 create mode 100644 docs/design/causal-cpu-wall-diagnostic-v1-implementation/preservation-before.json
 create mode 100644 docs/design/causal-cpu-wall-diagnostic-v1-implementation/qualification.json
 create mode 100644 docs/design/causal-cpu-wall-diagnostic-v1-implementation/receipt.json
 create mode 100644 docs/design/causal-cpu-wall-diagnostic-v1-implementation/review.json
 create mode 100644 docs/design/causal-cpu-wall-diagnostic-v1-implementation/tables.md
 create mode 100644 docs/design/causal-cpu-wall-diagnostic-v1-implementation/ts-tests-result.json
 create mode 100644 docs/design/causal-cpu-wall-diagnostic-v1.check.json
 create mode 100644 docs/design/causal-cpu-wall-diagnostic-v1.md
 create mode 100644 docs/design/causal-cpu-wall-retained-localization-v1/README.md
 create mode 100644 docs/design/causal-cpu-wall-retained-localization-v1/analysis.json
 create mode 100644 docs/design/causal-cpu-wall-retained-localization-v1/analyze.py
 create mode 100644 docs/design/causal-cpu-wall-retained-localization-v1/checks.json
 create mode 100644 docs/design/causal-cpu-wall-retained-localization-v1/receipt.json
 create mode 100644 docs/design/causal-cpu-wall-retained-localization-v1/verification.json
 create mode 100644 docs/design/causal-cpu-wall-retained-localization-v1/verify-lint-v1.mjs
 create mode 100644 docs/design/causal-cpu-wall-retained-localization-v1/verify.mjs
 create mode 100644 docs/design/causal-creation-entry-review/README.md
 create mode 100644 docs/design/causal-creation-entry-review/receipt.json
 create mode 100644 docs/design/causal-currentness-query-optimization/README.md
 create mode 100644 docs/design/causal-currentness-query-optimization/comparison-negatives.json
 create mode 100644 docs/design/causal-currentness-query-optimization/comparison-verification.json
 create mode 100644 docs/design/causal-currentness-query-optimization/cpu-attribution.json
 create mode 100644 docs/design/causal-currentness-query-optimization/receipt.json
 create mode 100644 docs/design/causal-currentness-query-optimization/review.json
 create mode 100644 docs/design/causal-currentness-query-optimization/runtime-mutations.json
 create mode 100644 docs/design/causal-event-clock-repair-v1-implementation/README.md
 create mode 100644 docs/design/causal-event-clock-repair-v1-implementation/approval.json
 create mode 100644 docs/design/causal-event-clock-repair-v1-implementation/receipt.json
 create mode 100644 docs/design/causal-event-clock-repair-v1/README.md
 create mode 100644 docs/design/causal-event-clock-repair-v1/checks.json
 create mode 100644 docs/design/causal-event-clock-repair-v1/design-check.json
 create mode 100644 docs/design/causal-event-clock-repair-v1/vectors.json
 create mode 100644 docs/design/causal-evidence-query-optimization/README.md
 create mode 100644 docs/design/causal-evidence-query-optimization/checks/authority.txt
 create mode 100644 docs/design/causal-evidence-query-optimization/checks/build.txt
 create mode 100644 docs/design/causal-evidence-query-optimization/checks/dashboard.txt
 create mode 100644 docs/design/causal-evidence-query-optimization/checks/focused.txt
 create mode 100644 docs/design/causal-evidence-query-optimization/checks/lint.txt
 create mode 100644 docs/design/causal-evidence-query-optimization/checks/mutations.txt
 create mode 100644 docs/design/causal-evidence-query-optimization/checks/new-tests.txt
 create mode 100644 docs/design/causal-evidence-query-optimization/checks/noasync.txt
 create mode 100644 docs/design/causal-evidence-query-optimization/checks/package-typecheck-final.txt
 create mode 100644 docs/design/causal-evidence-query-optimization/checks/package-typecheck.txt
 create mode 100644 docs/design/causal-evidence-query-optimization/checks/typecheck.txt
 create mode 100644 docs/design/causal-evidence-query-optimization/comparison-negatives.json
 create mode 100644 docs/design/causal-evidence-query-optimization/comparison-verification.json
 create mode 100644 docs/design/causal-evidence-query-optimization/receipt.json
 create mode 100644 docs/design/causal-evidence-query-optimization/review.json
 create mode 100644 docs/design/causal-evidence-query-optimization/runtime-mutations.json
 create mode 100644 docs/design/causal-flush-copy/README.md
 create mode 100644 docs/design/causal-flush-copy/differential.json
 create mode 100644 docs/design/causal-flush-copy/mutations.json
 create mode 100644 docs/design/causal-flush-copy/negative-verification.json
 create mode 100644 docs/design/causal-flush-copy/new-path-mutations.json
 create mode 100644 docs/design/causal-flush-copy/receipt.json
 create mode 100644 docs/design/causal-flush-copy/replayed-differential.json
 create mode 100644 docs/design/causal-flush-copy/summary.json
 create mode 100644 docs/design/causal-focused-inbox-review/README.md
 create mode 100644 docs/design/causal-focused-inbox-review/receipt.json
 create mode 100644 docs/design/causal-global-review/README.md
 create mode 100644 docs/design/causal-global-review/cold-screen.json
 create mode 100644 docs/design/causal-global-review/cold.json
 create mode 100644 docs/design/causal-global-review/coverage.json
 create mode 100644 docs/design/causal-global-review/cpu-build.json
 create mode 100644 docs/design/causal-global-review/cpu-negatives.json
 create mode 100644 docs/design/causal-global-review/cpu.json
 create mode 100644 docs/design/causal-global-review/negatives.json
 create mode 100644 docs/design/causal-global-review/quiescence-cpu.json
 create mode 100644 docs/design/causal-global-review/receipt.json
 create mode 100644 docs/design/causal-graded-acceptance/README.md
 create mode 100644 docs/design/causal-graded-acceptance/b121-mapping.json
 create mode 100644 docs/design/causal-graded-acceptance/check-result.json
 create mode 100644 docs/design/causal-graded-acceptance/check.py
 create mode 100644 docs/design/causal-graded-acceptance/framework-response.md
 create mode 100644 docs/design/causal-graded-acceptance/freeze.json
 create mode 100644 docs/design/causal-graded-acceptance/human-review.md
 create mode 100644 docs/design/causal-graded-acceptance/maintainer-response.md
 create mode 100644 docs/design/causal-graded-acceptance/ordinary-response.md
 create mode 100644 docs/design/causal-graded-acceptance/protocol.md
 create mode 100644 docs/design/causal-graded-acceptance/receipt.json
 create mode 100644 docs/design/causal-graded-entry-implementation/README.md
 create mode 100644 docs/design/causal-graded-entry-implementation/artifact-check.log
 create mode 100644 docs/design/causal-graded-entry-implementation/build-review.py
 create mode 100644 docs/design/causal-graded-entry-implementation/demo.json
 create mode 100644 docs/design/causal-graded-entry-implementation/focused-tests.log
 create mode 100644 docs/design/causal-graded-entry-implementation/mutations.json
 create mode 100644 docs/design/causal-graded-entry-implementation/receipt.json
 create mode 100644 docs/design/causal-graded-entry-implementation/review.html
 create mode 100644 docs/design/causal-graded-entry-implementation/source-binding.json
 create mode 100644 docs/design/causal-graded-entry-implementation/tests.log
 create mode 100644 docs/design/causal-graded-entry-implementation/view-panel-tests.log
 create mode 100644 docs/design/causal-graded-entry-integrated-review.md
 create mode 100644 docs/design/causal-granularity-diagnostic/README.md
 create mode 100644 docs/design/causal-granularity-diagnostic/negative-verification.json
 create mode 100644 docs/design/causal-granularity-diagnostic/qa.json
 create mode 100644 docs/design/causal-granularity-diagnostic/receipt.json
 create mode 100644 docs/design/causal-granularity-diagnostic/summary.json
 create mode 100644 docs/design/causal-h-closeout/README.md
 create mode 100644 docs/design/causal-h-closeout/lint-inventory.json
 create mode 100644 docs/design/causal-h-closeout/receipt.json
 create mode 100644 docs/design/causal-host-call-local/README.md
 create mode 100644 docs/design/causal-host-call-local/excluded-global-change.json
 create mode 100644 docs/design/causal-host-call-local/lint-format-attempt.log
 create mode 100644 docs/design/causal-host-call-local/lint.log
 create mode 100644 docs/design/causal-host-call-local/verification.json
 create mode 100644 docs/design/causal-host-completion-contract/README.md
 create mode 100644 docs/design/causal-host-completion-contract/receipt.json
 create mode 100644 docs/design/causal-host-completion-feasibility/README.md
 create mode 100644 docs/design/causal-host-completion-feasibility/receipt.json
 create mode 100644 docs/design/causal-host-proof-execution/README.md
 create mode 100644 docs/design/causal-host-proof-execution/approval.json
 create mode 100644 docs/design/causal-host-proof-execution/execution.log
 create mode 100644 docs/design/causal-host-proof-execution/lint.log
 create mode 100644 docs/design/causal-host-proof-execution/preflight.json
 create mode 100644 docs/design/causal-host-proof-execution/receipt.json
 create mode 100644 docs/design/causal-host-proof-execution/replay.json
 create mode 100644 docs/design/causal-host-proof-preparation/README.md
 create mode 100644 docs/design/causal-host-proof-preparation/approval.json
 create mode 100644 docs/design/causal-host-proof-preparation/artifacts.log
 create mode 100644 docs/design/causal-host-proof-preparation/build.log
 create mode 100644 docs/design/causal-host-proof-preparation/dashboard-final.log
 create mode 100644 docs/design/causal-host-proof-preparation/dashboard.log
 create mode 100644 docs/design/causal-host-proof-preparation/executor-no-grant.log
 create mode 100644 docs/design/causal-host-proof-preparation/exports.log
 create mode 100644 docs/design/causal-host-proof-preparation/focused-final.log
 create mode 100644 docs/design/causal-host-proof-preparation/full-tests.log
 create mode 100644 docs/design/causal-host-proof-preparation/lint.log
 create mode 100644 docs/design/causal-host-proof-preparation/prior-attempts.json
 create mode 100644 docs/design/causal-host-proof-preparation/qa-verification-gap.md
 create mode 100644 docs/design/causal-host-proof-preparation/qa.md
 create mode 100644 docs/design/causal-host-proof-preparation/receipt.json
 create mode 100644 docs/design/causal-host-proof-preparation/root-linkage-proposal.json
 create mode 100644 docs/design/causal-host-proof-preparation/runtime-archive.json
 create mode 100644 docs/design/causal-host-proof-preparation/workspace-authority-final.log
 create mode 100644 docs/design/causal-host-proof-preparation/workspace-authority.log
 create mode 100644 docs/design/causal-host-proof-preparation/worktree-authority-final.log
 create mode 100644 docs/design/causal-host-proof-preparation/worktree-authority.log
 create mode 100644 docs/design/causal-ingress-coverage-audit/README.md
 create mode 100644 docs/design/causal-ingress-coverage-audit/receipt.json
 create mode 100644 docs/design/causal-integrated-implementation/README.md
 create mode 100644 docs/design/causal-integrated-implementation/artifact.log
 create mode 100644 docs/design/causal-integrated-implementation/build.log
 create mode 100644 docs/design/causal-integrated-implementation/focused.log
 create mode 100644 docs/design/causal-integrated-implementation/lint.log
 create mode 100644 docs/design/causal-integrated-implementation/mutations.json
 create mode 100644 docs/design/causal-integrated-implementation/owner-check.json
 create mode 100644 docs/design/causal-integrated-implementation/performance-attempt1.json
 create mode 100644 docs/design/causal-integrated-implementation/performance-pre-final-hardening.json
 create mode 100644 docs/design/causal-integrated-implementation/performance.json
 create mode 100644 docs/design/causal-integrated-implementation/receipt.json
 create mode 100644 docs/design/causal-integrated-implementation/source-binding.json
 create mode 100644 docs/design/causal-integrated-implementation/test-review.md
 create mode 100644 docs/design/causal-integrated-implementation/tests.log
 create mode 100644 docs/design/causal-integrated-implementation/types.log
 create mode 100644 docs/design/causal-l-closeout/README.md
 create mode 100644 docs/design/causal-l-closeout/frozen-files.json
 create mode 100644 docs/design/causal-l-closeout/maintenance.json
 create mode 100644 docs/design/causal-l-closeout/preservation-index.json
 create mode 100644 docs/design/causal-l-closeout/receipt.json
 create mode 100644 docs/design/causal-layered-use-implementation/README.md
 create mode 100644 docs/design/causal-layered-use-implementation/approval.json
 create mode 100644 docs/design/causal-layered-use-implementation/artifacts.log
 create mode 100644 docs/design/causal-layered-use-implementation/build.log
 create mode 100644 docs/design/causal-layered-use-implementation/demo.json
 create mode 100644 docs/design/causal-layered-use-implementation/demo.log
 create mode 100644 docs/design/causal-layered-use-implementation/docs-check.log
 create mode 100644 docs/design/causal-layered-use-implementation/exports.log
 create mode 100644 docs/design/causal-layered-use-implementation/final-types.log
 create mode 100644 docs/design/causal-layered-use-implementation/lint.log
 create mode 100644 docs/design/causal-layered-use-implementation/receipt.json
 create mode 100644 docs/design/causal-layered-use-implementation/tests-initial.log
 create mode 100644 docs/design/causal-layered-use-implementation/tests.log
 create mode 100644 docs/design/causal-layered-use-plan/README.md
 create mode 100644 docs/design/causal-layered-use-plan/receipt.json
 create mode 100644 docs/design/causal-lifetime-closeout/README.md
 create mode 100644 docs/design/causal-lifetime-closeout/acceptance-review.md
 create mode 100644 docs/design/causal-lifetime-closeout/lint.log
 create mode 100644 docs/design/causal-lifetime-closeout/receipt.json
 create mode 100644 docs/design/causal-lifetime-closeout/tests.log
 create mode 100644 docs/design/causal-lifetime-closeout/types.log
 create mode 100644 docs/design/causal-lifetime-closeout/verification.json
 create mode 100644 docs/design/causal-lifetime-profile/README.md
 create mode 100644 docs/design/causal-lifetime-profile/corrected-attribution.json
 create mode 100644 docs/design/causal-lifetime-profile/counts-attempt1.json
 create mode 100644 docs/design/causal-lifetime-profile/counts-bound.log
 create mode 100644 docs/design/causal-lifetime-profile/counts.json
 create mode 100644 docs/design/causal-lifetime-profile/counts.log
 create mode 100644 docs/design/causal-lifetime-profile/lint.log
 create mode 100644 docs/design/causal-lifetime-profile/verification.json
 create mode 100644 docs/design/causal-neutral-driver-v1-implementation/README.md
 create mode 100644 docs/design/causal-neutral-driver-v1-implementation/approval.json
 create mode 100644 docs/design/causal-neutral-driver-v1-implementation/receipt.json
 create mode 100644 docs/design/causal-neutral-driver-v1.md
 create mode 100644 docs/design/causal-offline-closeout-design/README.md
 create mode 100644 docs/design/causal-performance-completion/README.md
 create mode 100644 docs/design/causal-performance-completion/corruption-tests.json
 create mode 100644 docs/design/causal-performance-completion/coverage-loaded-tests.json
 create mode 100644 docs/design/causal-performance-completion/receipt.json
 create mode 100644 docs/design/causal-performance-completion/selector-tests.json
 create mode 100644 docs/design/causal-performance-control-audit-v1/README.md
 create mode 100644 docs/design/causal-performance-control-audit-v1/analysis.json
 create mode 100644 docs/design/causal-performance-control-audit-v1/analyze.py
 create mode 100644 docs/design/causal-performance-control-audit-v1/checks.json
 create mode 100644 docs/design/causal-performance-control-audit-v1/receipt.json
 create mode 100644 docs/design/causal-performance-repetition-v2-implementation/README.md
 create mode 100644 docs/design/causal-performance-repetition-v2-implementation/approval.json
 create mode 100644 docs/design/causal-performance-repetition-v2.design-check.json
 create mode 100644 docs/design/causal-performance-repetition-v2.md
 create mode 100644 docs/design/causal-policy-comparison-diagnostic/README.md
 create mode 100644 docs/design/causal-policy-comparison-diagnostic/counts.json
 create mode 100644 docs/design/causal-policy-comparison-diagnostic/negatives.json
 create mode 100644 docs/design/causal-policy-comparison-diagnostic/receipt.json
 create mode 100644 docs/design/causal-policy-comparison-diagnostic/timing.json
 create mode 100644 docs/design/causal-policy-comparison-optimization/README.md
 create mode 100644 docs/design/causal-policy-comparison-optimization/negatives.json
 create mode 100644 docs/design/causal-policy-comparison-optimization/ordered.json
 create mode 100644 docs/design/causal-policy-comparison-optimization/receipt.json
 create mode 100644 docs/design/causal-policy-comparison-optimization/timing.json
 create mode 100644 docs/design/causal-policy-conflict/README.md
 create mode 100644 docs/design/causal-policy-conflict/negative-verification.json
 create mode 100644 docs/design/causal-policy-conflict/receipt.json
 create mode 100644 docs/design/causal-policy-conflict/summary.json
 create mode 100644 docs/design/causal-position-pairs-retained-audit-v1/README.md
 create mode 100644 docs/design/causal-position-pairs-retained-audit-v1/analysis.json
 create mode 100644 docs/design/causal-position-pairs-retained-audit-v1/analyze.py
 create mode 100644 docs/design/causal-position-pairs-retained-audit-v1/cross-check.py
 create mode 100644 docs/design/causal-position-pairs-retained-audit-v1/receipt.json
 create mode 100644 docs/design/causal-position-pairs-retained-audit-v1/verification.json
 create mode 100644 docs/design/causal-post-optimization-review/README.md
 create mode 100644 docs/design/causal-post-optimization-review/comparison.json
 create mode 100644 docs/design/causal-post-optimization-review/receipt.json
 create mode 100644 docs/design/causal-preset-assembly-v1-addendum.md
 create mode 100644 docs/design/causal-preset-assembly-v1.json
 create mode 100644 docs/design/causal-preset-assembly-v1.md
 create mode 100644 docs/design/causal-preset-numeric-contract-v1.md
 create mode 100644 docs/design/causal-preset-numeric-contract-v1.vectors.json
 create mode 100644 docs/design/causal-preset-numeric-review.md
 create mode 100644 docs/design/causal-public-entry-review/README.md
 create mode 100644 docs/design/causal-public-entry-review/proposed-exports.json
 create mode 100644 docs/design/causal-public-entry-review/source-audit.json
 create mode 100644 docs/design/causal-publication-material-v1-vectors.json
 create mode 100644 docs/design/causal-publication-material-v1.json
 create mode 100644 docs/design/causal-publication-material-v1.md
 create mode 100644 docs/design/causal-quiescence-evidence/README.md
 create mode 100644 docs/design/causal-quiescence-evidence/mutations.json
 create mode 100644 docs/design/causal-quiescence-evidence/negative-verification.json
 create mode 100644 docs/design/causal-quiescence-evidence/receipt.json
 create mode 100644 docs/design/causal-quiescence-evidence/summary.json
 create mode 100644 docs/design/causal-quiet-outcome-feasibility/README.md
 create mode 100644 docs/design/causal-quiet-outcome-feasibility/receipt.json
 create mode 100644 docs/design/causal-receipt-holdout/README.md
 create mode 100644 docs/design/causal-receipt-holdout/negative-verification.json
 create mode 100644 docs/design/causal-receipt-holdout/receipt.json
 create mode 100644 docs/design/causal-receipt-holdout/summary.json
 create mode 100644 docs/design/causal-receipt-identity-optimization/README.md
 create mode 100644 docs/design/causal-receipt-identity-optimization/negative-verification.json
 create mode 100644 docs/design/causal-receipt-identity-optimization/receipt.json
 create mode 100644 docs/design/causal-receipt-identity-optimization/summary.json
 create mode 100644 docs/design/causal-receipt-lazy/README.md
 create mode 100644 docs/design/causal-receipt-lazy/negative-verification.json
 create mode 100644 docs/design/causal-receipt-lazy/receipt.json
 create mode 100644 docs/design/causal-receipt-lazy/summary.json
 create mode 100644 docs/design/causal-ref-comparison/README.md
 create mode 100644 docs/design/causal-ref-comparison/attempt-policy.json
 create mode 100644 docs/design/causal-ref-comparison/mutations.json
 create mode 100644 docs/design/causal-ref-comparison/negative-verification.json
 create mode 100644 docs/design/causal-ref-comparison/receipt.json
 create mode 100644 docs/design/causal-ref-comparison/summary.json
 create mode 100644 docs/design/causal-rejection-owner-review/README.md
 create mode 100644 docs/design/causal-rejection-owner-review/receipt.json
 create mode 100644 docs/design/causal-release-allocation-v1/README.md
 create mode 100644 docs/design/causal-release-allocation-v1/authority.log
 create mode 100644 docs/design/causal-release-allocation-v1/binding.json
 create mode 100644 docs/design/causal-release-allocation-v1/dashboard.log
 create mode 100644 docs/design/causal-release-allocation-v1/memory.jsonl
 create mode 100644 docs/design/causal-release-allocation-v1/observability-gap.md
 create mode 100644 docs/design/causal-release-allocation-v1/preservation.json
 create mode 100644 docs/design/causal-release-allocation-v1/probe-lint-v1.mjs
 create mode 100644 docs/design/causal-release-allocation-v1/probe.mjs
 create mode 100644 docs/design/causal-release-allocation-v1/profile.json
 create mode 100644 docs/design/causal-release-allocation-v1/receipt.json
 create mode 100644 docs/design/causal-release-allocation-v1/result.json
 create mode 100644 docs/design/causal-release-allocation-v1/stderr.log
 create mode 100644 docs/design/causal-release-allocation-v1/stdout.log
 create mode 100644 docs/design/causal-release-allocation-v1/summary.json
 create mode 100644 docs/design/causal-release-boundaries-v1-implementation/README.md
 create mode 100644 docs/design/causal-release-boundaries-v1-implementation/analysis.json
 create mode 100644 docs/design/causal-release-boundaries-v1-implementation/analyze.py
 create mode 100644 docs/design/causal-release-boundaries-v1-implementation/approval.json
 create mode 100644 docs/design/causal-release-boundaries-v1-implementation/cleanup-regression.log
 create mode 100644 docs/design/causal-release-boundaries-v1-implementation/cleanup-source-regression.log
 create mode 100644 docs/design/causal-release-boundaries-v1-implementation/dashboard.log
 create mode 100644 docs/design/causal-release-boundaries-v1-implementation/full-ts-exit.json
 create mode 100644 docs/design/causal-release-boundaries-v1-implementation/full-ts.log
 create mode 100644 docs/design/causal-release-boundaries-v1-implementation/independent-verification.json
 create mode 100644 docs/design/causal-release-boundaries-v1-implementation/lint-exit.json
 create mode 100644 docs/design/causal-release-boundaries-v1-implementation/lint.log
 create mode 100644 docs/design/causal-release-boundaries-v1-implementation/loaded.log
 create mode 100644 docs/design/causal-release-boundaries-v1-implementation/matched-comparisons.csv
 create mode 100644 docs/design/causal-release-boundaries-v1-implementation/paths.log
 create mode 100644 docs/design/causal-release-boundaries-v1-implementation/portable-self-verification.json
 create mode 100644 docs/design/causal-release-boundaries-v1-implementation/portable-verification.json
 create mode 100644 docs/design/causal-release-boundaries-v1-implementation/preservation-after.json
 create mode 100644 docs/design/causal-release-boundaries-v1-implementation/preservation-before.json
 create mode 100644 docs/design/causal-release-boundaries-v1-implementation/private-exits.json
 create mode 100644 docs/design/causal-release-boundaries-v1-implementation/qualification.json
 create mode 100644 docs/design/causal-release-boundaries-v1-implementation/receipt.json
 create mode 100644 docs/design/causal-release-boundaries-v1-implementation/review.json
 create mode 100644 docs/design/causal-release-boundaries-v1-implementation/segment-arithmetic-verification.json
 create mode 100644 docs/design/causal-release-boundaries-v1-implementation/source.log
 create mode 100644 docs/design/causal-release-boundaries-v1-implementation/verify-segments.mjs
 create mode 100644 docs/design/causal-release-boundaries-v1-implementation/workspace.log
 create mode 100644 docs/design/causal-release-boundaries-v1.check.json
 create mode 100644 docs/design/causal-release-boundaries-v1.md
 create mode 100644 docs/design/causal-release-comparison-build-v1/README.md
 create mode 100644 docs/design/causal-release-comparison-build-v1/archive-verification.json
 create mode 100644 docs/design/causal-release-comparison-build-v1/biome.log
 create mode 100644 docs/design/causal-release-comparison-build-v1/js-qualification.log
 create mode 100644 docs/design/causal-release-comparison-build-v1/preservation.json
 create mode 100644 docs/design/causal-release-comparison-build-v1/python-qualification.log
 create mode 100644 docs/design/causal-release-comparison-build-v1/receipt.json
 create mode 100644 docs/design/causal-release-comparison-build-v1/review.md
 create mode 100644 docs/design/causal-release-comparison-build-v2/README.md
 create mode 100644 docs/design/causal-release-comparison-build-v2/archive-verification.json
 create mode 100644 docs/design/causal-release-comparison-build-v2/authority-check.log
 create mode 100644 docs/design/causal-release-comparison-build-v2/dashboard-check.log
 create mode 100644 docs/design/causal-release-comparison-build-v2/js-qualification.log
 create mode 100644 docs/design/causal-release-comparison-build-v2/preservation.json
 create mode 100644 docs/design/causal-release-comparison-build-v2/python-qualification.log
 create mode 100644 docs/design/causal-release-comparison-build-v2/receipt.json
 create mode 100644 docs/design/causal-release-comparison-build-v2/retained-guard-verification.json
 create mode 100644 docs/design/causal-release-comparison-build-v2/source-verification.json
 create mode 100644 docs/design/causal-release-cost-comparison-v1-implementation/README.md
 create mode 100644 docs/design/causal-release-cost-comparison-v1-implementation/approval.json
 create mode 100644 docs/design/causal-release-cost-comparison-v1-implementation/counting-regression.log
 create mode 100644 docs/design/causal-release-cost-comparison-v1-implementation/final-scoped-biome.log
 create mode 100644 docs/design/causal-release-cost-comparison-v1-implementation/graph-regression.log
 create mode 100644 docs/design/causal-release-cost-comparison-v1-implementation/independent-verification.json
 create mode 100644 docs/design/causal-release-cost-comparison-v1-implementation/js-qualification.log
 create mode 100644 docs/design/causal-release-cost-comparison-v1-implementation/no-raw-async.log
 create mode 100644 docs/design/causal-release-cost-comparison-v1-implementation/portable-verification.json
 create mode 100644 docs/design/causal-release-cost-comparison-v1-implementation/post-failure-repair.log
 create mode 100644 docs/design/causal-release-cost-comparison-v1-implementation/preservation.json
 create mode 100644 docs/design/causal-release-cost-comparison-v1-implementation/python-qualification.log
 create mode 100644 docs/design/causal-release-cost-comparison-v1-implementation/qualification.json
 create mode 100644 docs/design/causal-release-cost-comparison-v1-implementation/receipt.json
 create mode 100644 docs/design/causal-release-cost-comparison-v1-implementation/repair-qualification.json
 create mode 100644 docs/design/causal-release-cost-comparison-v1-implementation/review.md
 create mode 100644 docs/design/causal-release-cost-comparison-v1-implementation/scoped-biome.log
 create mode 100644 docs/design/causal-release-cost-comparison-v1-implementation/test-typecheck.log
 create mode 100644 docs/design/causal-release-cost-comparison-v1-implementation/typecheck.log
 create mode 100644 docs/design/causal-release-cost-comparison-v1.checks.json
 create mode 100644 docs/design/causal-release-cost-comparison-v1.md
 create mode 100644 docs/design/causal-release-cost-comparison-v2/README.md
 create mode 100644 docs/design/causal-release-cost-comparison-v2/approval.json
 create mode 100644 docs/design/causal-release-cost-comparison-v2/authority-check.log
 create mode 100644 docs/design/causal-release-cost-comparison-v2/capture.log
 create mode 100644 docs/design/causal-release-cost-comparison-v2/counting-regression.log
 create mode 100644 docs/design/causal-release-cost-comparison-v2/dashboard-check.log
 create mode 100644 docs/design/causal-release-cost-comparison-v2/js-qualification.log
 create mode 100644 docs/design/causal-release-cost-comparison-v2/prefix-only-rejection.json
 create mode 100644 docs/design/causal-release-cost-comparison-v2/preservation.json
 create mode 100644 docs/design/causal-release-cost-comparison-v2/python-qualification.log
 create mode 100644 docs/design/causal-release-cost-comparison-v2/qualification.json
 create mode 100644 docs/design/causal-release-cost-comparison-v2/receipt.json
 create mode 100644 docs/design/causal-release-cost-comparison-v2/review.md
 create mode 100644 docs/design/causal-release-cost-comparison-v2/scoped-biome.log
 create mode 100644 docs/design/causal-release-cost-comparison-v2/summary.json
 create mode 100644 docs/design/causal-release-cost-comparison-v2/terminal-verification.json
 create mode 100644 docs/design/causal-release-counting-v1-implementation/README.md
 create mode 100644 docs/design/causal-release-counting-v1-implementation/approval.json
 create mode 100644 docs/design/causal-release-counting-v1-implementation/artifact-exit.json
 create mode 100644 docs/design/causal-release-counting-v1-implementation/artifact.log
 create mode 100644 docs/design/causal-release-counting-v1-implementation/biome-final-exit.json
 create mode 100644 docs/design/causal-release-counting-v1-implementation/biome-final.log
 create mode 100644 docs/design/causal-release-counting-v1-implementation/build-exit.json
 create mode 100644 docs/design/causal-release-counting-v1-implementation/build.log
 create mode 100644 docs/design/causal-release-counting-v1-implementation/counting-exit.json
 create mode 100644 docs/design/causal-release-counting-v1-implementation/counting.log
 create mode 100644 docs/design/causal-release-counting-v1-implementation/dashboard.log
 create mode 100644 docs/design/causal-release-counting-v1-implementation/full-ts-exit.json
 create mode 100644 docs/design/causal-release-counting-v1-implementation/full-ts.log
 create mode 100644 docs/design/causal-release-counting-v1-implementation/lint-exit.json
 create mode 100644 docs/design/causal-release-counting-v1-implementation/lint.log
 create mode 100644 docs/design/causal-release-counting-v1-implementation/no-raw-async-exit.json
 create mode 100644 docs/design/causal-release-counting-v1-implementation/no-raw-async.log
 create mode 100644 docs/design/causal-release-counting-v1-implementation/preservation.json
 create mode 100644 docs/design/causal-release-counting-v1-implementation/receipt.json
 create mode 100644 docs/design/causal-release-counting-v1-implementation/review.json
 create mode 100644 docs/design/causal-release-counting-v1-implementation/root-soak-exit.json
 create mode 100644 docs/design/causal-release-counting-v1-implementation/root-soak.log
 create mode 100644 docs/design/causal-release-counting-v1-implementation/scoped-biome-exit.json
 create mode 100644 docs/design/causal-release-counting-v1-implementation/scoped-biome.log
 create mode 100644 docs/design/causal-release-counting-v1-implementation/targeted.log
 create mode 100644 docs/design/causal-release-counting-v1-implementation/test-typecheck-exit.json
 create mode 100644 docs/design/causal-release-counting-v1-implementation/test-typecheck.log
 create mode 100644 docs/design/causal-release-counting-v1-implementation/typecheck-exit.json
 create mode 100644 docs/design/causal-release-counting-v1-implementation/typecheck.log
 create mode 100644 docs/design/causal-release-counting-v1-implementation/workspace.log
 create mode 100644 docs/design/causal-release-counting-v1.md
 create mode 100644 docs/design/causal-release-memory-v1/README.md
 create mode 100644 docs/design/causal-release-memory-v1/authority.log
 create mode 100644 docs/design/causal-release-memory-v1/dashboard.log
 create mode 100644 docs/design/causal-release-memory-v1/exit.json
 create mode 100644 docs/design/causal-release-memory-v1/memory.jsonl
 create mode 100644 docs/design/causal-release-memory-v1/preservation.json
 create mode 100644 docs/design/causal-release-memory-v1/probe-lint-v1.mjs
 create mode 100644 docs/design/causal-release-memory-v1/probe.mjs
 create mode 100644 docs/design/causal-release-memory-v1/receipt.json
 create mode 100644 docs/design/causal-release-memory-v1/stderr.log
 create mode 100644 docs/design/causal-release-memory-v1/stdout.log
 create mode 100644 docs/design/causal-release-memory-v1/summary.json
 create mode 100644 docs/design/causal-release-preflight-v1/README.md
 create mode 100644 docs/design/causal-release-preflight-v1/archive-verification.json
 create mode 100644 docs/design/causal-release-preflight-v1/authority-check.log
 create mode 100644 docs/design/causal-release-preflight-v1/dashboard-check.log
 create mode 100644 docs/design/causal-release-preflight-v1/preservation.json
 create mode 100644 docs/design/causal-release-preflight-v1/receipt.json
 create mode 100644 docs/design/causal-release-preflight-v1/run-lint-v1.mjs
 create mode 100644 docs/design/causal-release-preflight-v1/run.mjs
 create mode 100644 docs/design/causal-release-preflight-v1/verification.json
 create mode 100644 docs/design/causal-release-preflight-v1/verify.py
 create mode 100644 docs/design/causal-remaining-cpu-v2/README.md
 create mode 100644 docs/design/causal-remaining-cpu-v2/build-provenance.json
 create mode 100644 docs/design/causal-remaining-cpu-v2/negative-verification.json
 create mode 100644 docs/design/causal-remaining-cpu-v2/quiescence-attribution.json
 create mode 100644 docs/design/causal-remaining-cpu-v2/quiescence-counts.json
 create mode 100644 docs/design/causal-remaining-cpu-v2/quiescence-shape.json
 create mode 100644 docs/design/causal-remaining-cpu-v2/receipt.json
 create mode 100644 docs/design/causal-remaining-cpu-v2/summary.json
 create mode 100644 docs/design/causal-remaining-cpu/README.md
 create mode 100644 docs/design/causal-remaining-cpu/build-provenance.json
 create mode 100644 docs/design/causal-remaining-cpu/negative-verification.json
 create mode 100644 docs/design/causal-remaining-cpu/receipt.json
 create mode 100644 docs/design/causal-remaining-cpu/summary.json
 create mode 100644 docs/design/causal-runtime-accessor-review.md
 create mode 100644 docs/design/causal-scope-revision/README.md
 create mode 100644 docs/design/causal-scope-revision/build.log
 create mode 100644 docs/design/causal-scope-revision/export-smoke.log
 create mode 100644 docs/design/causal-scope-revision/receipt.json
 create mode 100644 docs/design/causal-scope-revision/reproduce.mjs
 create mode 100644 docs/design/causal-scope-revision/result.json
 create mode 100644 docs/design/causal-unprofiled-latency/README.md
 create mode 100644 docs/design/causal-unprofiled-latency/environment-observed-after.json
 create mode 100644 docs/design/causal-unprofiled-latency/first-use-verification.json
 create mode 100644 docs/design/causal-unprofiled-latency/incidents/prepare-causal-latency-baseline-lint-v1.mjs
 create mode 100644 docs/design/causal-unprofiled-latency/incidents/prepare-causal-latency-baseline.mjs
 create mode 100644 docs/design/causal-unprofiled-latency/incidents/run-causal-latency-baseline.py
 create mode 100644 docs/design/causal-unprofiled-latency/incidents/setup.json
 create mode 100644 docs/design/causal-unprofiled-latency/input-granularity-review.md
 create mode 100644 docs/design/causal-unprofiled-latency/negative-verification.json
 create mode 100644 docs/design/causal-unprofiled-latency/receipt.json
 create mode 100644 docs/design/causal-unprofiled-latency/replay.json
 create mode 100644 docs/design/causal-unprofiled-latency/verification.json
 create mode 100644 docs/design/library-registration-audit/README.md
 create mode 100644 docs/design/library-registration-audit/inventory.json
 create mode 100644 docs/design/library-registration-audit/inventory.mjs
 create mode 100644 docs/design/library-registration-audit/probe-initial.mjs
 create mode 100644 docs/design/library-registration-audit/probe.mjs
 create mode 100644 docs/design/library-registration-audit/result-initial.json
 create mode 100644 docs/design/library-registration-audit/result.json
 create mode 100644 docs/design/library-registration-check-design-v1.md
 create mode 100644 docs/design/library-registration-check-implementation.md
 create mode 100644 docs/design/library-registration-consolidation-v1.md
 create mode 100644 docs/design/library-registration-cost-v1.md
 create mode 100644 docs/design/library-registration-implementation/README.md
 create mode 100644 docs/design/library-registration-implementation/approval.json
 create mode 100644 docs/design/library-registration-implementation/gr-final-doc-check.txt
 create mode 100644 docs/design/library-registration-implementation/gr-work-complete-check.txt
 create mode 100644 docs/design/library-registration-implementation/gr-work-complete-dashboard.txt
 create mode 100644 docs/design/library-registration-implementation/receipt.json
 create mode 100644 docs/design/library-registration-implementation/record-gates.json
 create mode 100644 examples/spending-alerts/causal-admission.ts
 create mode 100644 examples/spending-alerts/causal-audience.examples.ts
 create mode 100644 examples/spending-alerts/causal-business.ts
 create mode 100644 examples/spending-alerts/causal-entry.ts
 create mode 100644 examples/spending-alerts/causal-focused-host.ts
 create mode 100644 examples/spending-alerts/causal-graded-demo.ts
 create mode 100644 examples/spending-alerts/causal-inputs.ts
 create mode 100644 examples/spending-alerts/causal-material-owner.ts
 create mode 100644 examples/spending-alerts/causal-numeric.ts
 create mode 100644 examples/spending-alerts/causal-ordinary-panel.ts
 create mode 100644 examples/spending-alerts/causal-preset.ts
 create mode 100644 examples/spending-alerts/causal-publication.ts
 create mode 100644 examples/spending-alerts/causal-resource.ts
 create mode 100644 examples/spending-alerts/causal-view-binding.ts
 create mode 100644 packages/ts/evals/graph-native-rerun-avoidance/check-historical-artifacts.ts
 create mode 100644 packages/ts/qualification/causal-occurrence/committed-v1-attribution-evidence.tar.gz
 create mode 100644 packages/ts/qualification/causal-occurrence/committed-v1-attribution-receipt.json
 create mode 100644 packages/ts/qualification/causal-occurrence/committed-v1-attribution.md
 create mode 100644 packages/ts/qualification/causal-occurrence/committed-v1-cold-phases-evidence.tar.gz
 create mode 100644 packages/ts/qualification/causal-occurrence/committed-v1-cold-phases-receipt.json
 create mode 100644 packages/ts/qualification/causal-occurrence/committed-v1-cold-phases.md
 create mode 100644 packages/ts/qualification/causal-occurrence/committed-v1-diagnosis-evidence.tar.gz
 create mode 100644 packages/ts/qualification/causal-occurrence/committed-v1-diagnosis-receipt.json
 create mode 100644 packages/ts/qualification/causal-occurrence/committed-v1-diagnosis.md
 create mode 100644 packages/ts/qualification/causal-occurrence/committed-v1-evidence.tar.gz
 create mode 100644 packages/ts/qualification/causal-occurrence/committed-v1-material-evidence.tar.gz
 create mode 100644 packages/ts/qualification/causal-occurrence/committed-v1-material-proposal.patch
 create mode 100644 packages/ts/qualification/causal-occurrence/committed-v1-material-receipt.json
 create mode 100644 packages/ts/qualification/causal-occurrence/committed-v1-material-review.md
 create mode 100644 packages/ts/qualification/causal-occurrence/committed-v1-receipt.json
 create mode 100644 packages/ts/qualification/causal-occurrence/committed-v1-review.md
 create mode 100644 packages/ts/qualification/causal-occurrence/committed-v1-validation.json
 create mode 100644 packages/ts/qualification/causal-occurrence/committed-v2-closeout.json
 create mode 100644 packages/ts/qualification/causal-occurrence/committed-v2-evidence.tar.gz
 create mode 100644 packages/ts/qualification/causal-occurrence/committed-v2-receipt.json
 create mode 100644 packages/ts/qualification/causal-occurrence/committed-v2-review.md
 create mode 100644 packages/ts/qualification/causal-occurrence/committed-v2-shuffle-proposal.patch
 create mode 100644 packages/ts/qualification/causal-occurrence/committed-v3-closeout.json
 create mode 100644 packages/ts/qualification/causal-occurrence/committed-v3-evidence.tar.gz
 create mode 100644 packages/ts/qualification/causal-occurrence/committed-v3-receipt.json
 create mode 100644 packages/ts/qualification/causal-occurrence/committed-v3-review.md
 create mode 100644 packages/ts/qualification/causal-occurrence/preset-assembly-approved/README.md
 create mode 100644 packages/ts/qualification/causal-occurrence/preset-assembly-approved/approval.json
 create mode 100644 packages/ts/qualification/causal-occurrence/preset-assembly-approved/artifact-index.json
 create mode 100644 packages/ts/qualification/causal-occurrence/preset-assembly-approved/evidence.tar.gz
 create mode 100644 packages/ts/qualification/causal-occurrence/preset-assembly-approved/receipt.json
 create mode 100644 packages/ts/qualification/causal-occurrence/preset-assembly-preflight/README.md
 create mode 100644 packages/ts/qualification/causal-occurrence/preset-assembly-preflight/authorization.json
 create mode 100644 packages/ts/qualification/causal-occurrence/preset-assembly-preflight/checks.json
 create mode 100644 packages/ts/qualification/causal-occurrence/preset-assembly-preflight/dashboard-final.log
 create mode 100644 packages/ts/qualification/causal-occurrence/preset-assembly-preflight/dashboard.log
 create mode 100644 packages/ts/qualification/causal-occurrence/preset-assembly-preflight/example-types.log
 create mode 100644 packages/ts/qualification/causal-occurrence/preset-assembly-preflight/isolated-lane-tests.log
 create mode 100644 packages/ts/qualification/causal-occurrence/preset-assembly-preflight/isolated-portable-tests.log
 create mode 100644 packages/ts/qualification/causal-occurrence/preset-assembly-preflight/lane-original-result.json
 create mode 100644 packages/ts/qualification/causal-occurrence/preset-assembly-preflight/lane-partial-result.json
 create mode 100644 packages/ts/qualification/causal-occurrence/preset-assembly-preflight/lane-partial.vitest.config.mts
 create mode 100644 packages/ts/qualification/causal-occurrence/preset-assembly-preflight/lane-probe.log
 create mode 100644 packages/ts/qualification/causal-occurrence/preset-assembly-preflight/lint-final.log
 create mode 100644 packages/ts/qualification/causal-occurrence/preset-assembly-preflight/lint.log
 create mode 100644 packages/ts/qualification/causal-occurrence/preset-assembly-preflight/original-tests.log
 create mode 100644 packages/ts/qualification/causal-occurrence/preset-assembly-preflight/probe-lane.mjs
 create mode 100644 packages/ts/qualification/causal-occurrence/preset-assembly-preflight/proposed-evidence-correlation.patch
 create mode 100644 packages/ts/qualification/causal-occurrence/preset-assembly-preflight/proposed-evidence-edge.patch
 create mode 100644 packages/ts/qualification/causal-occurrence/preset-assembly-preflight/proposed-lane.patch
 create mode 100644 packages/ts/qualification/causal-occurrence/preset-assembly-preflight/root-baseline.json
 create mode 100644 packages/ts/qualification/causal-occurrence/preset-assembly-preflight/source-bindings.json
 create mode 100644 packages/ts/qualification/causal-occurrence/preset-assembly-preflight/workspace-final.log
 create mode 100644 packages/ts/qualification/causal-occurrence/preset-assembly-preflight/workspace.log
 create mode 100644 packages/ts/qualification/causal-occurrence/preset-cold-diagnosis-v1/README.md
 create mode 100644 packages/ts/qualification/causal-occurrence/preset-cold-diagnosis-v1/artifact-index.json
 create mode 100644 packages/ts/qualification/causal-occurrence/preset-cold-diagnosis-v1/dashboard.txt
 create mode 100644 packages/ts/qualification/causal-occurrence/preset-cold-diagnosis-v1/evidence.tar.gz
 create mode 100644 packages/ts/qualification/causal-occurrence/preset-cold-diagnosis-v1/receipt.json
 create mode 100644 packages/ts/qualification/causal-occurrence/preset-cold-diagnosis-v1/record-gates.json
 create mode 100644 packages/ts/qualification/causal-occurrence/preset-cold-diagnosis-v1/workspace.txt
 create mode 100644 packages/ts/qualification/causal-occurrence/preset-current-order-v1/README.md
 create mode 100644 packages/ts/qualification/causal-occurrence/preset-current-order-v1/analysis.json
 create mode 100644 packages/ts/qualification/causal-occurrence/preset-current-order-v1/artifact-index.json
 create mode 100644 packages/ts/qualification/causal-occurrence/preset-current-order-v1/dashboard.txt
 create mode 100644 packages/ts/qualification/causal-occurrence/preset-current-order-v1/evidence.tar.gz
 create mode 100644 packages/ts/qualification/causal-occurrence/preset-current-order-v1/order-comparison.csv
 create mode 100644 packages/ts/qualification/causal-occurrence/preset-current-order-v1/receipt.json
 create mode 100644 packages/ts/qualification/causal-occurrence/preset-current-order-v1/record-gates.json
 create mode 100644 packages/ts/qualification/causal-occurrence/preset-current-order-v1/workspace.txt
 create mode 100644 packages/ts/qualification/causal-occurrence/preset-node-cold-v1/README.md
 create mode 100644 packages/ts/qualification/causal-occurrence/preset-node-cold-v1/artifact-index.json
 create mode 100644 packages/ts/qualification/causal-occurrence/preset-node-cold-v1/dashboard.txt
 create mode 100644 packages/ts/qualification/causal-occurrence/preset-node-cold-v1/evidence.tar.gz
 create mode 100644 packages/ts/qualification/causal-occurrence/preset-node-cold-v1/node-analysis.json
 create mode 100644 packages/ts/qualification/causal-occurrence/preset-node-cold-v1/node-ranking.csv
 create mode 100644 packages/ts/qualification/causal-occurrence/preset-node-cold-v1/receipt.json
 create mode 100644 packages/ts/qualification/causal-occurrence/preset-node-cold-v1/record-gates.json
 create mode 100644 packages/ts/qualification/causal-occurrence/preset-node-cold-v1/workspace.txt
 create mode 100644 packages/ts/qualification/causal-occurrence/preset-numeric-v2/README.md
 create mode 100644 packages/ts/qualification/causal-occurrence/preset-numeric-v2/artifact-index.json
 create mode 100644 packages/ts/qualification/causal-occurrence/preset-numeric-v2/evidence.tar.gz
 create mode 100644 packages/ts/qualification/causal-occurrence/preset-numeric-v2/receipt.json
 create mode 100644 packages/ts/qualification/causal-occurrence/preset-performance-v1/README.md
 create mode 100644 packages/ts/qualification/causal-occurrence/preset-performance-v1/artifact-index.json
 create mode 100644 packages/ts/qualification/causal-occurrence/preset-performance-v1/dashboard.txt
 create mode 100644 packages/ts/qualification/causal-occurrence/preset-performance-v1/evidence.tar.gz
 create mode 100644 packages/ts/qualification/causal-occurrence/preset-performance-v1/receipt.json
 create mode 100644 packages/ts/qualification/causal-occurrence/preset-performance-v1/record-gates.json
 create mode 100644 packages/ts/qualification/causal-occurrence/preset-performance-v1/workspace.txt
 create mode 100644 packages/ts/qualification/causal-occurrence/preset-reference-v1/README.md
 create mode 100644 packages/ts/qualification/causal-occurrence/preset-reference-v1/artifact-index.json
 create mode 100644 packages/ts/qualification/causal-occurrence/preset-reference-v1/dashboard.log
 create mode 100644 packages/ts/qualification/causal-occurrence/preset-reference-v1/evidence.tar.gz
 create mode 100644 packages/ts/qualification/causal-occurrence/preset-reference-v1/receipt.json
 create mode 100644 packages/ts/qualification/causal-occurrence/preset-reference-v1/workspace.log
 create mode 100644 packages/ts/qualification/causal-occurrence/publication-preflight-v1-equivalence.json
 create mode 100644 packages/ts/qualification/causal-occurrence/publication-preflight-v1-receipt.json
 create mode 100644 packages/ts/qualification/causal-occurrence/publication-preflight-v1-review.md
 create mode 100644 packages/ts/qualification/causal-occurrence/publication-preflight-v1-typecheck.patch
 create mode 100644 packages/ts/qualification/causal-occurrence/publication-v1-closeout.json
 create mode 100644 packages/ts/qualification/causal-occurrence/publication-v1-evidence.tar.gz
 create mode 100644 packages/ts/qualification/causal-occurrence/publication-v1-receipt.json
 create mode 100644 packages/ts/qualification/causal-occurrence/publication-v1-review.md
 create mode 100644 packages/ts/src/__tests__/causal-admission-capacity-feasibility.test.ts
 create mode 100644 packages/ts/src/__tests__/causal-committed-view.d163.test.ts
 create mode 100644 packages/ts/src/__tests__/causal-evidence-terminal.test.ts
 create mode 100644 packages/ts/src/__tests__/causal-flush-copy.test.ts
 create mode 100644 packages/ts/src/__tests__/causal-focused-host-authorization.test.ts
 create mode 100644 packages/ts/src/__tests__/causal-focused-host-construction.test.ts
 create mode 100644 packages/ts/src/__tests__/causal-focused-host-failures.test.ts
 create mode 100644 packages/ts/src/__tests__/causal-focused-host.test.ts
 create mode 100644 packages/ts/src/__tests__/causal-graded-entry.test.ts
 create mode 100644 packages/ts/src/__tests__/causal-host-completion-feasibility.test.ts
 create mode 100644 packages/ts/src/__tests__/causal-ingress-owner-feasibility.test.ts
 create mode 100644 packages/ts/src/__tests__/causal-quiescence-evidence.test.ts
 create mode 100644 packages/ts/src/__tests__/causal-quiet-outcome-feasibility.test.ts
 create mode 100644 packages/ts/src/__tests__/causal-resource.test.ts
 create mode 100644 packages/ts/src/__tests__/causal-view-binding.test.ts
 create mode 100644 packages/ts/src/__tests__/registration.d167.test.ts
 create mode 100644 packages/ts/src/__tests__/root-eval-historical-integrity.test.ts
 create mode 100644 packages/ts/src/__tests__/solutions-causal-coverage-key.test.ts
 create mode 100644 packages/ts/src/__tests__/solutions-causal-ref-comparison.test.ts
 create mode 100644 packages/ts/src/__tests__/spending-alerts-audience.test.ts
 create mode 100644 packages/ts/src/__tests__/spending-alerts-causal-preset.test.ts
 create mode 100644 packages/ts/src/__tests__/spending-alerts-causal-publication.test.ts
 create mode 100644 packages/ts/src/__tests__/spending-alerts-preset-reference.test.ts
 create mode 100644 packages/ts/src/__tests__/spending-proof-plain-host.test.ts
 create mode 100644 packages/ts/src/__tests__/spending-proof-verifier.test.ts
 create mode 100644 packages/ts/src/node/node-checkpoint-runtime.ts
 create mode 100644 packages/ts/src/solutions/causal-occurrence/committed-view.ts
 create mode 100644 scripts/analyze-causal-quiescence-cpu.py
 create mode 100644 scripts/analyze-spending-host-profile.py
 create mode 100644 scripts/analyze-spending-preset-cold.mjs
 create mode 100644 scripts/analyze-spending-preset-cold.test.mjs
 create mode 100644 scripts/audit-causal-action-cpu.py
 create mode 100644 scripts/audit-causal-current-processes.py
 create mode 100644 scripts/audit-causal-global-review.py
 create mode 100644 scripts/audit-causal-performance-coverage.py
 create mode 100644 scripts/audit-causal-post-optimization.py
 create mode 100644 scripts/build-causal-release-comparison.mjs
 create mode 100644 scripts/capture-causal-aligned.py
 create mode 100644 scripts/capture-causal-recording.py
 create mode 100644 scripts/capture-causal-workload.py
 create mode 100644 scripts/causal-action-cpu.mjs
 create mode 100644 scripts/causal-aligned-clock.test.py
 create mode 100644 scripts/causal-aligned-driver.test.mjs
 create mode 100644 scripts/causal-aligned-observation.mjs
 create mode 100644 scripts/causal-aligned-observation.test.mjs
 create mode 100644 scripts/causal-aligned-supervisor.py
 create mode 100644 scripts/causal-aligned-tools.test.py
 create mode 100644 scripts/causal-anchor-clock.test.py
 create mode 100644 scripts/causal-block-history.py
 create mode 100644 scripts/causal-block-history.test.mjs
 create mode 100644 scripts/causal-block-history.test.py
 create mode 100644 scripts/causal-cleanup-diagnostic.py
 create mode 100644 scripts/causal-cleanup-observer.mjs
 create mode 100644 scripts/causal-cleanup.test.mjs
 create mode 100644 scripts/causal-cleanup.test.py
 create mode 100644 scripts/causal-control-crossover.py
 create mode 100644 scripts/causal-control-crossover.test.py
 create mode 100644 scripts/causal-coverage-key.mjs
 create mode 100644 scripts/causal-coverage-key.test.py
 create mode 100644 scripts/causal-cpu-diagnostic.py
 create mode 100644 scripts/causal-cpu-observer.mjs
 create mode 100644 scripts/causal-cpu-trace.mjs
 create mode 100644 scripts/causal-cpu.test.mjs
 create mode 100644 scripts/causal-cpu.test.py
 create mode 100644 scripts/causal-current-evidence.test.py
 create mode 100644 scripts/causal-currentness-query-comparison.mjs
 create mode 100644 scripts/causal-currentness-query-comparison.test.py
 create mode 100644 scripts/causal-event-correlation.mjs
 create mode 100644 scripts/causal-event-correlation.test.mjs
 create mode 100644 scripts/causal-evidence-query-comparison.mjs
 create mode 100644 scripts/causal-evidence-query-comparison.test.py
 create mode 100644 scripts/causal-flush-copy.mjs
 create mode 100644 scripts/causal-flush-copy.test.py
 create mode 100644 scripts/causal-global-cold-lint-v1.mjs
 create mode 100644 scripts/causal-global-cold.mjs
 create mode 100644 scripts/causal-neutral-driver.py
 create mode 100644 scripts/causal-neutral-driver.test.mjs
 create mode 100644 scripts/causal-neutral-driver.test.py
 create mode 100644 scripts/causal-performance-coverage.mjs
 create mode 100644 scripts/causal-performance-coverage.py
 create mode 100644 scripts/causal-performance-coverage.test.mjs
 create mode 100644 scripts/causal-performance-coverage.test.py
 create mode 100644 scripts/causal-policy-conflict.mjs
 create mode 100644 scripts/causal-policy-conflict.test.py
 create mode 100644 scripts/causal-policy-prototype-lint-v1.mjs
 create mode 100644 scripts/causal-policy-prototype.mjs
 create mode 100644 scripts/causal-position-current.py
 create mode 100644 scripts/causal-position-pairs.py
 create mode 100644 scripts/causal-position-pairs.test.mjs
 create mode 100644 scripts/causal-position-pairs.test.py
 create mode 100644 scripts/causal-quiescence-evidence.mjs
 create mode 100644 scripts/causal-quiescence-evidence.test.py
 create mode 100644 scripts/causal-receipt-holdout.mjs
 create mode 100644 scripts/causal-receipt-holdout.test.py
 create mode 100644 scripts/causal-receipt-identity-comparison.mjs
 create mode 100644 scripts/causal-receipt-identity-comparison.test.py
 create mode 100644 scripts/causal-receipt-lazy.mjs
 create mode 100644 scripts/causal-receipt-lazy.test.py
 create mode 100644 scripts/causal-recording-capture.test.py
 create mode 100644 scripts/causal-recording-driver.test.mjs
 create mode 100644 scripts/causal-recording-failure.test.mjs
 create mode 100644 scripts/causal-recording-fixture.py
 create mode 100644 scripts/causal-recording-supervisor.py
 create mode 100644 scripts/causal-recording-termination.test.mjs
 create mode 100644 scripts/causal-recording-verifier.test.py
 create mode 100644 scripts/causal-ref-comparison.mjs
 create mode 100644 scripts/causal-ref-comparison.test.py
 create mode 100644 scripts/causal-release-comparison-child.mjs
 create mode 100644 scripts/causal-release-comparison-driver.mjs
 create mode 100644 scripts/causal-release-comparison.test.mjs
 create mode 100644 scripts/causal-release-counting.test.mjs
 create mode 100644 scripts/causal-release-diagnostic.py
 create mode 100644 scripts/causal-release-observer.mjs
 create mode 100644 scripts/causal-release-paths.test.mjs
 create mode 100644 scripts/causal-release.test.mjs
 create mode 100644 scripts/causal-release.test.py
 create mode 100644 scripts/causal-remaining-cpu.mjs
 create mode 100644 scripts/causal-steady-profile.mjs
 create mode 100644 scripts/causal-workload-capture.test.py
 create mode 100644 scripts/causal-workload-driver.test.mjs
 create mode 100644 scripts/causal-workload-observation.mjs
 create mode 100644 scripts/causal-workload-run-verifier.test.py
 create mode 100644 scripts/causal-workload-source.test.mjs
 create mode 100644 scripts/causal-workload-supervisor.py
 create mode 100644 scripts/causal-workload-supervisor.test.py
 create mode 100644 scripts/causal-workload-verifier.test.py
 create mode 100644 scripts/check-causal-aligned-source.mjs
 create mode 100644 scripts/check-causal-block-source.mjs
 create mode 100644 scripts/check-causal-granularity-negatives.py
 create mode 100644 scripts/check-causal-latency-evidence-negatives.py
 create mode 100644 scripts/check-causal-lint-evidence.py
 create mode 100644 scripts/check-causal-lint-maintenance.mjs
 create mode 100644 scripts/check-causal-neutral-source.mjs
 create mode 100644 scripts/check-causal-position-source.mjs
 create mode 100644 scripts/check-causal-recording-source-lint-v1.mjs
 create mode 100644 scripts/check-causal-recording-source.mjs
 create mode 100644 scripts/check-causal-selection-batch-probe.mjs
 create mode 100644 scripts/check-causal-workload-source.mjs
 create mode 100644 scripts/check-ts-package-batch.mjs
 create mode 100644 scripts/collect-causal-release-comparison.py
 create mode 100644 scripts/compare-causal-committed-view.mjs
 create mode 100644 scripts/compare-library-registration-check.mjs
 create mode 100644 scripts/compare-library-registration.mjs
 create mode 100644 scripts/compare-spending-host-call-local.mjs
 create mode 100644 scripts/compare-spending-preset-repetition.mjs
 create mode 100644 scripts/compare-spending-preset.mjs
 create mode 100644 scripts/compare-spending-publication.mjs
 create mode 100644 scripts/count-causal-policy-comparisons-lint-v1.mjs
 create mode 100644 scripts/count-causal-policy-comparisons.mjs
 create mode 100644 scripts/count-causal-quiescence.mjs
 create mode 100644 scripts/count-spending-host-lifetime.mjs
 create mode 100644 scripts/derive-causal-aligned-driver.mjs
 create mode 100644 scripts/derive-causal-block-driver.mjs
 create mode 100644 scripts/derive-causal-cleanup.mjs
 create mode 100644 scripts/derive-causal-cpu-driver-lint-v1.mjs
 create mode 100644 scripts/derive-causal-cpu-driver.mjs
 create mode 100644 scripts/derive-causal-neutral-driver.mjs
 create mode 100644 scripts/derive-causal-position-driver.mjs
 create mode 100644 scripts/derive-causal-recording-driver-lint-v1.mjs
 create mode 100644 scripts/derive-causal-recording-driver.mjs
 create mode 100644 scripts/derive-causal-release.mjs
 create mode 100644 scripts/derive-causal-workload-driver.mjs
 create mode 100644 scripts/diagnose-causal-cold-phases.mjs
 create mode 100644 scripts/diagnose-causal-committed-performance.mjs
 create mode 100644 scripts/diagnose-library-registration-cost.mjs
 create mode 100644 scripts/diagnose-spending-builder.mjs
 create mode 100644 scripts/diagnose-spending-current-order.mjs
 create mode 100644 scripts/diagnose-spending-current-order.test.mjs
 create mode 100644 scripts/diagnose-spending-dependency-input.mjs
 create mode 100644 scripts/diagnose-spending-node-cold.mjs
 create mode 100644 scripts/diagnose-spending-node-cold.test.mjs
 create mode 100644 scripts/diagnose-spending-preset-cold.mjs
 create mode 100644 scripts/diagnose-spending-preset-cold.test.mjs
 create mode 100644 scripts/execute-spending-host-proof.mjs
 create mode 100644 scripts/fixtures/causal-committed-oracle.mjs
 create mode 100644 scripts/fixtures/causal-coverage-profile-v2.ts
 create mode 100644 scripts/fixtures/causal-coverage-profile.ts
 create mode 100644 scripts/fixtures/causal-cpu-observer.mjs
 create mode 100644 scripts/fixtures/causal-event-clock.mjs
 create mode 100644 scripts/fixtures/causal-granularity.ts
 create mode 100644 scripts/fixtures/causal-latency-baseline.ts
 create mode 100644 scripts/fixtures/causal-latency-first-use.ts
 create mode 100644 scripts/fixtures/causal-performance-attribution.mjs
 create mode 100644 scripts/fixtures/causal-release-comparison-oracle.ts
 create mode 100644 scripts/fixtures/causal-release-comparison.ts
 create mode 100644 scripts/fixtures/library-registration-probe.ts
 create mode 100644 scripts/fixtures/spending-focused-host-direct.ts
 create mode 100644 scripts/fixtures/spending-focused-host-harness.ts
 create mode 100644 scripts/fixtures/spending-numeric-oracle.ts
 create mode 100644 scripts/fixtures/spending-numeric-plain.ts
 create mode 100644 scripts/fixtures/spending-numeric-verification.ts
 create mode 100644 scripts/fixtures/spending-preset-harness.ts
 create mode 100644 scripts/fixtures/spending-preset-oracle.ts
 create mode 100644 scripts/fixtures/spending-preset-performance-worker.ts
 create mode 100644 scripts/fixtures/spending-preset-performance.ts
 create mode 100644 scripts/fixtures/spending-preset-plain.ts
 create mode 100644 scripts/fixtures/spending-preset-reference-freeze.ts
 create mode 100644 scripts/fixtures/spending-preset-reference-input.ts
 create mode 100644 scripts/fixtures/spending-preset-reference-run.ts
 create mode 100644 scripts/fixtures/spending-preset-reference.ts
 create mode 100644 scripts/fixtures/spending-preset-scenarios.ts
 create mode 100644 scripts/fixtures/spending-preset-verification.ts
 create mode 100644 scripts/fixtures/spending-proof-plain-host.ts
 create mode 100644 scripts/fixtures/spending-proof-scenarios.ts
 create mode 100644 scripts/fixtures/spending-proof-verifier.ts
 create mode 100644 scripts/fixtures/spending-proof-worker.ts
 create mode 100644 scripts/fixtures/spending-publication-harness.ts
 create mode 100644 scripts/fixtures/spending-publication-measure.ts
 create mode 100644 scripts/fixtures/spending-publication-oracle.ts
 create mode 100644 scripts/fixtures/spending-publication-reference.ts
 create mode 100644 scripts/inspect-causal-quiescence.mjs
 create mode 100644 scripts/inspect-library-registration-cost.mjs
 create mode 100644 scripts/measure-spending-construction-pair.mjs
 create mode 100644 scripts/measure-spending-focused-host.mjs
 create mode 100644 scripts/measure-spending-host-lifetime.mjs
 create mode 100644 scripts/prepare-causal-aligned-tools.mjs
 create mode 100644 scripts/prepare-causal-coverage-profile-v2.mjs
 create mode 100644 scripts/prepare-causal-coverage-profile.mjs
 create mode 100644 scripts/prepare-causal-granularity.mjs
 create mode 100644 scripts/prepare-causal-latency-baseline.mjs
 create mode 100644 scripts/prepare-causal-latency-first-use.mjs
 create mode 100644 scripts/prepare-causal-policy-product.mjs
 create mode 100644 scripts/prepare-causal-position-current.mjs
 create mode 100644 scripts/prepare-causal-recording-tools.mjs
 create mode 100644 scripts/prepare-causal-selection-batch-probe.mjs
 create mode 100644 scripts/prepare-causal-workload-tools.mjs
 create mode 100644 scripts/probe-causal-aligned-clock.mjs
 create mode 100644 scripts/probe-causal-anchor-clock.mjs
 create mode 100644 scripts/probe-causal-workload-observer.mjs
 create mode 100644 scripts/profile-spending-host-lifetime.mjs
 create mode 100644 scripts/qualify-causal-committed-view.mjs
 create mode 100644 scripts/qualify-causal-event-clock.mjs
 create mode 100644 scripts/qualify-causal-workload-adapters.mjs
 create mode 100644 scripts/qualify-library-registration.mjs
 create mode 100644 scripts/qualify-spending-focused-host.mjs
 create mode 100644 scripts/qualify-spending-host-proof.mjs
 create mode 100644 scripts/qualify-spending-host-source-binding.mjs
 create mode 100644 scripts/qualify-spending-preset-reference.mjs
 create mode 100644 scripts/qualify-spending-preset-runtime.mjs
 create mode 100644 scripts/qualify-spending-preset.mjs
 create mode 100644 scripts/qualify-spending-publication.mjs
 create mode 100644 scripts/rebuild-causal-release-comparison.mjs
 create mode 100644 scripts/replay-causal-event-clock.mjs
 create mode 100644 scripts/replay-causal-event-clock.test.mjs
 create mode 100644 scripts/report-causal-cpu.mjs
 create mode 100644 scripts/run-causal-anchor-probes.py
 create mode 100644 scripts/run-causal-clock-probes.py
 create mode 100644 scripts/run-causal-coverage-key.py
 create mode 100644 scripts/run-causal-currentness-query-comparison.py
 create mode 100644 scripts/run-causal-evidence-query-comparison.py
 create mode 100644 scripts/run-causal-flush-copy.py
 create mode 100644 scripts/run-causal-global-cold.py
 create mode 100644 scripts/run-causal-granularity.py
 create mode 100644 scripts/run-causal-latency-baseline.py
 create mode 100644 scripts/run-causal-latency-first-use.py
 create mode 100644 scripts/run-causal-policy-conflict.py
 create mode 100644 scripts/run-causal-policy-prototype.py
 create mode 100644 scripts/run-causal-profile-v2.py
 create mode 100644 scripts/run-causal-profile.py
 create mode 100644 scripts/run-causal-quiescence-evidence.py
 create mode 100644 scripts/run-causal-receipt-holdout.py
 create mode 100644 scripts/run-causal-receipt-identity-comparison.py
 create mode 100644 scripts/run-causal-receipt-lazy.py
 create mode 100644 scripts/run-causal-ref-comparison.py
 create mode 100644 scripts/run-causal-remaining-cpu.py
 create mode 100644 scripts/spending-preset-performance-report.mjs
 create mode 100644 scripts/spending-preset-performance.test.mjs
 create mode 100644 scripts/spending-preset-repetition.mjs
 create mode 100644 scripts/spending-preset-repetition.test.mjs
 create mode 100644 scripts/test-causal-currentness-comparison.mjs
 create mode 100644 scripts/test-causal-global-review.py
 create mode 100644 scripts/test-causal-lint-evidence.py
 create mode 100644 scripts/test-causal-policy-prototype.py
 create mode 100644 scripts/test-causal-release-comparison.py
 create mode 100644 scripts/test-causal-remaining-cpu.py
 create mode 100644 scripts/verify-causal-aligned-child.py
 create mode 100644 scripts/verify-causal-aligned-clock.py
 create mode 100644 scripts/verify-causal-aligned-run.py
 create mode 100644 scripts/verify-causal-anchor-clock.py
 create mode 100644 scripts/verify-causal-block-history.py
 create mode 100644 scripts/verify-causal-cleanup.py
 create mode 100644 scripts/verify-causal-control-crossover.py
 create mode 100644 scripts/verify-causal-coverage-key.py
 create mode 100644 scripts/verify-causal-coverage-profile.py
 create mode 100644 scripts/verify-causal-cpu.py
 create mode 100644 scripts/verify-causal-currentness-query-comparison.py
 create mode 100644 scripts/verify-causal-event-clock.py
 create mode 100644 scripts/verify-causal-event-clock.test.py
 create mode 100644 scripts/verify-causal-evidence-query-comparison.py
 create mode 100644 scripts/verify-causal-flush-copy-behavior.mjs
 create mode 100644 scripts/verify-causal-flush-copy.py
 create mode 100644 scripts/verify-causal-global-cold.py
 create mode 100644 scripts/verify-causal-granularity.py
 create mode 100644 scripts/verify-causal-latency-baseline.py
 create mode 100644 scripts/verify-causal-latency-first-use.py
 create mode 100644 scripts/verify-causal-neutral-driver.py
 create mode 100644 scripts/verify-causal-performance-completion.py
 create mode 100644 scripts/verify-causal-performance-coverage.py
 create mode 100644 scripts/verify-causal-policy-conflict.py
 create mode 100644 scripts/verify-causal-policy-ordered.mjs
 create mode 100644 scripts/verify-causal-policy-prototype.py
 create mode 100644 scripts/verify-causal-position-current.py
 create mode 100644 scripts/verify-causal-position-pairs.py
 create mode 100644 scripts/verify-causal-quiescence-evidence.py
 create mode 100644 scripts/verify-causal-receipt-holdout.py
 create mode 100644 scripts/verify-causal-receipt-identity-comparison.py
 create mode 100644 scripts/verify-causal-receipt-lazy.py
 create mode 100644 scripts/verify-causal-recording-child.py
 create mode 100644 scripts/verify-causal-recording-run.py
 create mode 100644 scripts/verify-causal-ref-comparison.py
 create mode 100644 scripts/verify-causal-release-comparison.py
 create mode 100644 scripts/verify-causal-release.py
 create mode 100644 scripts/verify-causal-remaining-build.mjs
 create mode 100644 scripts/verify-causal-remaining-cpu.py
 create mode 100644 scripts/verify-causal-workload-diagnostic.py
 create mode 100644 scripts/verify-causal-workload-run.py
 create mode 100644 scripts/verify-spending-host-call-local.py
 create mode 100644 scripts/verify-spending-host-proof-execution.mjs
 create mode 100644 scripts/verify-spending-preset-repetition.mjs
