{
  "files": [
    {
      "filepath": "/Users/davidchenallio/src/graphrefly-ts/src/__bench__/graphrefly.bench.ts",
      "groups": [
        {
          "fullName": "src/__bench__/graphrefly.bench.ts > GraphReFly core baseline",
          "benchmarks": [
            {
              "id": "1588138831_0_0",
              "name": "linear 10-node chain: DIRTY+DATA",
              "rank": 3,
              "rme": 0.7243713834492427,
              "samples": [],
              "totalTime": 500.00279000000785,
              "min": 0.0037499999999681677,
              "max": 1.2189169999999763,
              "hz": 236836.67845133052,
              "period": 0.0042223189690844196,
              "mean": 0.0042223189690844196,
              "variance": 0.000028835925405477973,
              "sd": 0.0053699092548643666,
              "sem": 0.000015604729760202352,
              "df": 118418,
              "critical": 1.96,
              "moe": 0.00003058527032999661,
              "p75": 0.00408399999997755,
              "p99": 0.00587499999994634,
              "p995": 0.009999999999990905,
              "p999": 0.06229099999995924,
              "sampleCount": 118419,
              "median": 0.003999999999962256
            },
            {
              "id": "1588138831_0_1",
              "name": "diamond: single source update",
              "rank": 2,
              "rme": 0.9207362517708819,
              "samples": [],
              "totalTime": 500.001250999993,
              "min": 0.0014159999998355488,
              "max": 1.5487499999999272,
              "hz": 593896.5140709301,
              "period": 0.0016837950321435431,
              "mean": 0.0016837950321435431,
              "variance": 0.000018578842696039015,
              "sd": 0.0043103181664511745,
              "sem": 0.000007909852686970802,
              "df": 296948,
              "critical": 1.96,
              "moe": 0.000015503311266462773,
              "p75": 0.0016249999998763087,
              "p99": 0.0020839999999680003,
              "p995": 0.0028750000001309672,
              "p999": 0.01937499999985448,
              "sampleCount": 296949,
              "median": 0.0015829999999823485
            },
            {
              "id": "1588138831_0_2",
              "name": "fan-in: batched DIRTY+DATA on two sources",
              "rank": 1,
              "rme": 2.9014633468358886,
              "samples": [],
              "totalTime": 500.0007050001102,
              "min": 0.0009999999997489795,
              "max": 7.087541000000101,
              "hz": 775018.90722317,
              "period": 0.0012902911021653897,
              "mean": 0.0012902911021653897,
              "variance": 0.0001413775182189462,
              "sd": 0.011890227845543845,
              "sem": 0.000019100675202455918,
              "df": 387509,
              "critical": 1.96,
              "moe": 0.000037437323396813595,
              "p75": 0.0011670000001231529,
              "p99": 0.002624999999852662,
              "p995": 0.003541999999924883,
              "p999": 0.01704199999994671,
              "sampleCount": 387510,
              "median": 0.0011660000000119908
            }
          ]
        }
      ]
    }
  ]
}